year,lap_length,driver_number,average_lap_time,track_temperature,pressure,rainfall,wind_speed,wind_direction,humidity,air_temperature,quali_position,quali_lap_time
2025,5.303,4,104.46319230769232,18.7,1010.4,0,2.8,215,71.0,16.2,1,178.92863157894735
2025,5.303,1,104.73774999999998,18.7,1010.4,0,2.8,215,71.0,16.2,3,207.56293749999998
2025,5.303,63,104.79438461538462,18.7,1010.4,0,2.8,215,71.0,16.2,4,181.30773684210524
2025,5.303,23,104.404137254902,18.7,1010.4,0,2.8,215,71.0,16.2,6,177.12415000000001
2025,5.303,12,104.63049999999998,18.7,1010.4,0,2.8,215,71.0,16.2,16,116.13924999999999
2025,5.303,18,104.78234615384615,18.7,1010.4,0,2.8,215,71.0,16.2,13,162.78278571428572
2025,5.303,27,104.77163461538458,18.7,1010.4,0,2.8,215,71.0,16.2,17,137.185
2025,5.303,16,105.08378846153852,18.7,1010.4,0,2.8,215,71.0,16.2,7,178.95073684210524
2025,5.303,81,105.13503846153846,18.7,1010.4,0,2.8,215,71.0,16.2,2,196.70194117647057
2025,5.303,44,105.00740384615382,18.7,1010.4,0,2.8,215,71.0,16.2,8,158.29118181818185
2025,5.303,10,105.01899999999998,18.7,1010.4,0,2.8,215,71.0,16.2,9,174.08874999999998
2025,5.303,22,105.25442307692312,18.7,1010.4,0,2.8,215,71.0,16.2,5,191.93723529411767
2025,5.303,30,103.53238095238096,18.7,1010.4,0,2.8,215,71.0,16.2,18,142.119
2025,5.303,31,104.86084615384615,18.7,1010.4,0,2.8,215,71.0,16.2,19,140.53285714285715
2025,5.451,81,97.39421818181818,30.5,1010.1,0,2.1,238,22.0,26.4,1,183.56089473684207
2025,5.451,4,97.55465454545451,30.5,1010.1,0,2.1,238,22.0,26.4,3,211.4254375
2025,5.451,63,97.56074545454545,30.5,1010.1,0,2.1,238,22.0,26.4,2,165.28523809523807
2025,5.451,1,97.62605454545451,30.5,1010.1,0,2.1,238,22.0,26.4,4,235.87550000000002
2025,5.451,16,97.75407272727273,30.5,1010.1,0,2.1,238,22.0,26.4,6,179.08478947368417
2025,5.451,44,97.81118181818184,30.5,1010.1,0,2.1,238,22.0,26.4,5,176.81115789473682
2025,5.451,31,98.18480000000002,30.5,1010.1,0,2.1,238,22.0,26.4,11,165.79942857142854
2025,5.451,12,98.28665454545452,30.5,1010.1,0,2.1,238,22.0,26.4,8,161.47228571428573
2025,5.451,23,98.29225454545453,30.5,1010.1,0,2.1,238,22.0,26.4,10,180.06310526315787
2025,5.451,87,98.33894545454545,30.5,1010.1,0,2.1,238,22.0,26.4,17,150.77771428571432
2025,5.451,10,98.47601818181822,30.5,1010.1,0,2.1,238,22.0,26.4,16,137.575375
2025,5.451,18,98.5197090909091,30.5,1010.1,0,2.1,238,22.0,26.4,14,173.05214285714285
2025,5.451,55,98.6200181818182,30.5,1010.1,0,2.1,238,22.0,26.4,15,172.0292857142857
2025,5.451,6,98.72190909090905,30.5,1010.1,0,2.1,238,22.0,26.4,7,189.97838888888887
2025,5.451,30,98.67718181818182,30.5,1010.1,0,2.1,238,22.0,26.4,20,154.18985714285716
2025,5.451,7,98.64587272727267,30.5,1010.1,0,2.1,238,22.0,26.4,18,157.29099999999997
2025,5.451,5,98.92824074074075,30.5,1010.1,0,2.1,238,22.0,26.4,19,138.070875
2025,5.451,27,99.35846296296296,30.5,1010.1,0,2.1,238,22.0,26.4,12,166.19628571428572
2025,5.451,22,99.53483333333335,30.5,1010.1,0,2.1,238,22.0,26.4,9,194.98627777777781
2025,5.451,14,113.271,30.5,1010.1,0,2.1,238,22.0,26.4,13,172.70299999999997
2025,5.807,1,92.9410652173913,19.0,1008.9,0,1.2,334,77.0,14.6,1,246.59087499999998
2025,5.807,4,92.94845652173913,19.0,1008.9,0,1.2,334,77.0,14.6,2,285.45642857142855
2025,5.807,81,92.94432608695651,19.0,1008.9,0,1.2,334,77.0,14.6,3,245.82106250000004
2025,5.807,16,93.20582608695656,19.0,1008.9,0,1.2,334,77.0,14.6,4,206.57489473684208
2025,5.807,63,93.18408510638298,19.0,1008.9,0,1.2,334,77.0,14.6,5,264.74235714285714
2025,5.807,12,93.16893478260869,19.0,1008.9,0,1.2,334,77.0,14.6,6,245.91573333333335
2025,5.807,44,93.3725,19.0,1008.9,0,1.2,334,77.0,14.6,8,185.63904761904763
2025,5.807,6,93.5226304347826,19.0,1008.9,0,1.2,334,77.0,14.6,7,243.38286666666667
2025,5.807,23,93.5813695652174,19.0,1008.9,0,1.2,334,77.0,14.6,9,228.21882352941174
2025,5.807,87,93.8395652173913,19.0,1008.9,0,1.2,334,77.0,14.6,10,205.92536842105264
2025,5.807,14,93.86756521739132,19.0,1008.9,0,1.2,334,77.0,14.6,13,256.2654
2025,5.807,22,93.86984782608694,19.0,1008.9,0,1.2,334,77.0,14.6,15,236.6817272727273
2025,5.807,10,93.95460869565215,19.0,1008.9,0,1.2,334,77.0,14.6,11,228.60154545454552
2025,5.807,55,94.15545652173913,19.0,1008.9,0,1.2,334,77.0,14.6,12,216.31338461538462
2025,5.807,7,94.23741304347824,19.0,1008.9,0,1.2,334,77.0,14.6,19,134.42374999999998
2025,5.807,27,94.29454347826086,19.0,1008.9,0,1.2,334,77.0,14.6,16,135.852375
2025,5.807,30,94.3469347826087,19.0,1008.9,0,1.2,334,77.0,14.6,14,223.39227272727268
2025,5.807,31,94.38324444444447,19.0,1008.9,0,1.2,334,77.0,14.6,18,138.4335
2025,5.807,5,94.3398,19.0,1008.9,0,1.2,334,77.0,14.6,17,137.198
2025,5.807,18,94.34604444444447,19.0,1008.9,0,1.2,334,77.0,14.6,20,193.16449999999998
2025,5.412,81,99.71162,30.2,1008.4,0,1.9,27,42.0,26.9,1,298.36323076923077
2025,5.412,63,100.43983673469388,30.2,1008.4,0,1.9,27,42.0,26.9,2,209.66394444444447
2025,5.412,4,100.48065306122449,30.2,1008.4,0,1.9,27,42.0,26.9,6,249.57826666666668
2025,5.412,16,99.97899999999997,30.2,1008.4,0,1.9,27,42.0,26.9,3,275.1797857142858
2025,5.412,44,100.10128571428572,30.2,1008.4,0,1.9,27,42.0,26.9,9,249.67806666666664
2025,5.412,1,100.76472000000001,30.2,1008.4,0,1.9,27,42.0,26.9,7,277.54435714285717
2025,5.412,10,100.7955,30.2,1008.4,0,1.9,27,42.0,26.9,5,240.27168749999998
2025,5.412,31,100.88860000000001,30.2,1008.4,0,1.9,27,42.0,26.9,14,187.66916666666665
2025,5.412,22,101.02909999999999,30.2,1008.4,0,1.9,27,42.0,26.9,10,271.73192857142857
2025,5.412,87,100.70087999999998,30.2,1008.4,0,1.9,27,42.0,26.9,20,152.8438
2025,5.412,12,101.14050000000002,30.2,1008.4,0,1.9,27,42.0,26.9,4,214.17217647058825
2025,5.412,23,100.57583999999999,30.2,1008.4,0,1.9,27,42.0,26.9,15,177.22
2025,5.412,27,101.28366,30.2,1008.4,0,1.9,27,42.0,26.9,16,193.61453333333333
2025,5.412,6,101.33031999999999,30.2,1008.4,0,1.9,27,42.0,26.9,12,258.68350000000004
2025,5.412,7,101.12164000000001,30.2,1008.4,0,1.9,27,42.0,26.9,11,245.62545454545455
2025,5.412,14,100.87707999999999,30.2,1008.4,0,1.9,27,42.0,26.9,13,219.37223076923075
2025,5.412,30,100.897,30.2,1008.4,0,1.9,27,42.0,26.9,17,168.1828
2025,5.412,18,101.61410000000002,30.2,1008.4,0,1.9,27,42.0,26.9,19,131.3025
2025,5.412,5,101.69099999999999,30.2,1008.4,0,1.9,27,42.0,26.9,18,142.5458
2025,5.412,55,102.72761538461539,30.2,1008.4,0,1.9,27,42.0,26.9,8,239.9481875
2025,6.174,81,97.34682051282051,36.7,1007.3,0,1.5,337,47.0,31.6,2,246.1003125
2025,6.174,1,97.95586842105266,36.7,1007.3,0,1.5,337,47.0,31.6,1,235.6973529411765
2025,6.174,16,98.05976315789474,36.7,1007.3,0,1.5,337,47.0,31.6,4,237.34905882352936
2025,6.174,4,97.84241025641026,36.7,1007.3,0,1.5,337,47.0,31.6,10,316.239
2025,6.174,63,98.23052631578946,36.7,1007.3,0,1.5,337,47.0,31.6,3,274.32428571428574
2025,6.174,12,98.18065789473687,36.7,1007.3,0,1.5,337,47.0,31.6,5,255.89913333333334
2025,6.174,44,98.64926315789471,36.7,1007.3,0,1.5,337,47.0,31.6,7,229.95035294117648
2025,6.174,55,99.11689473684211,36.7,1007.3,0,1.5,337,47.0,31.6,6,202.3309
2025,6.174,23,99.15889189189188,36.7,1007.3,0,1.5,337,47.0,31.6,11,161.70161538461537
2025,6.174,6,98.92276315789475,36.7,1007.3,0,1.5,337,47.0,31.6,14,188.0026363636364
2025,6.174,30,99.07237837837836,36.7,1007.3,0,1.5,337,47.0,31.6,12,204.1529
2025,6.174,14,98.98332432432433,36.7,1007.3,0,1.5,337,47.0,31.6,13,182.17953846153844
2025,6.174,87,99.361,36.7,1007.3,0,1.5,337,47.0,31.6,15,168.60185714285714
2025,6.174,31,99.19289189189189,36.7,1007.3,0,1.5,337,47.0,31.6,19,132.422875
2025,6.174,5,99.3815945945946,36.7,1007.3,0,1.5,337,47.0,31.6,20,144.7162857142857
2025,6.174,27,99.40489189189188,36.7,1007.3,0,1.5,337,47.0,31.6,18,141.49214285714288
2025,6.174,7,99.5846052631579,36.7,1007.3,0,1.5,337,47.0,31.6,17,123.58825
2025,6.174,18,99.73170270270265,36.7,1007.3,0,1.5,337,47.0,31.6,16,127.07524999999998
2024,5.421,1,96.56175000000003,21.9,1017.4,0,0.0,167,51.0,17.7,1,201.37375
2024,5.421,11,96.91332142857141,21.9,1017.4,0,0.0,167,51.0,17.7,5,206.60780000000003
2024,5.421,55,96.9505714285714,21.9,1017.4,0,0.0,167,51.0,17.7,4,221.1625625
2024,5.421,16,97.25249999999998,21.9,1017.4,0,0.0,167,51.0,17.7,2,202.37727777777778
2024,5.421,63,97.36253571428571,21.9,1017.4,0,0.0,167,51.0,17.7,3,200.4028125
2024,5.421,4,97.33985714285713,21.9,1017.4,0,0.0,167,51.0,17.7,7,234.35946153846152
2024,5.421,44,97.35614285714287,21.9,1017.4,0,0.0,167,51.0,17.7,9,191.95175
2024,5.421,81,97.46966071428575,21.9,1017.4,0,0.0,167,51.0,17.7,8,190.9084375
2024,5.421,14,97.82053571428571,21.9,1017.4,0,0.0,167,51.0,17.7,6,231.5047692307692
2024,5.421,18,97.9954285714286,21.9,1017.4,0,0.0,167,51.0,17.7,12,180.332
2024,5.421,24,98.30363636363636,21.9,1017.4,0,0.0,167,51.0,17.7,17,135.3064
2024,5.421,20,98.34016363636366,21.9,1017.4,0,0.0,167,51.0,17.7,15,178.2879090909091
2024,5.421,3,98.32785454545454,21.9,1017.4,0,0.0,167,51.0,17.7,14,185.558
2024,5.421,22,98.37707272727273,21.9,1017.4,0,0.0,167,51.0,17.7,11,184.81
2024,5.421,23,98.41345454545454,21.9,1017.4,0,0.0,167,51.0,17.7,13,185.5056363636364
2024,5.421,27,98.34216363636361,21.9,1017.4,0,0.0,167,51.0,17.7,10,194.82843750000004
2024,5.421,31,98.71881818181824,21.9,1017.4,0,0.0,167,51.0,17.7,19,142.911375
2024,5.421,10,98.72580000000002,21.9,1017.4,0,0.0,167,51.0,17.7,20,142.4805
2024,5.421,77,99.62610909090908,21.9,1017.4,0,0.0,167,51.0,17.7,16,138.689
2024,5.421,2,100.36325925925927,21.9,1017.4,0,0.0,167,51.0,17.7,18,146.84279999999998
2024,6.174,1,96.89322448979591,29.1,1013.1,0,1.4,28,67.0,25.2,1,207.627
2024,6.174,11,97.03457142857143,29.1,1013.1,0,1.4,28,67.0,25.2,3,210.81876470588233
2024,6.174,16,97.2496122448979,29.1,1013.1,0,1.4,28,67.0,25.2,2,179.4280476190476
2024,6.174,81,97.4811224489796,29.1,1013.1,0,1.4,28,67.0,25.2,5,192.25435
2024,6.174,14,97.56173469387751,29.1,1013.1,0,1.4,28,67.0,25.2,4,242.75143750000004
2024,6.174,63,97.60714285714288,29.1,1013.1,0,1.4,28,67.0,25.2,7,183.60784999999996
2024,6.174,38,97.61899999999999,29.1,1013.1,0,1.4,28,67.0,25.2,11,165.61568749999998
2024,6.174,4,97.73581632653062,29.1,1013.1,0,1.4,28,67.0,25.2,6,190.84099999999998
2024,6.174,44,97.75028571428574,29.1,1013.1,0,1.4,28,67.0,25.2,8,171.03400000000002
2024,6.174,27,98.29634693877553,29.1,1013.1,0,1.4,28,67.0,25.2,15,185.14137499999998
2024,6.174,23,98.53063265306125,29.1,1013.1,0,1.4,28,67.0,25.2,12,187.06921428571428
2024,6.174,20,98.48675510204083,29.1,1013.1,0,1.4,28,67.0,25.2,13,179.85860000000002
2024,6.174,31,98.81012499999997,29.1,1013.1,0,1.4,28,67.0,25.2,17,119.33155555555557
2024,6.174,22,98.8807291666667,29.1,1013.1,0,1.4,28,67.0,25.2,9,210.9900625
2024,6.174,2,98.84579166666664,29.1,1013.1,0,1.4,28,67.0,25.2,19,126.848125
2024,6.174,3,99.1595625,29.1,1013.1,0,1.4,28,67.0,25.2,14,211.5640909090909
2024,6.174,77,99.19856250000004,29.1,1013.1,0,1.4,28,67.0,25.2,16,124.20612499999999
2024,6.174,24,99.31260416666667,29.1,1013.1,0,1.4,28,67.0,25.2,20,121.101
2024,6.174,18,95.79475000000001,29.1,1013.1,0,1.4,28,67.0,25.2,10,215.47094444444446
2024,5.303,55,83.13101754385963,36.9,1019.8,0,0.5,164,44.0,21.5,2,201.99229411764708
2024,5.303,16,83.13489473684213,36.9,1019.8,0,0.5,164,44.0,21.5,5,177.98805263157897
2024,5.303,4,83.20987719298243,36.9,1019.8,0,0.5,164,44.0,21.5,4,190.6015
2024,5.303,81,83.71187719298244,36.9,1019.8,0,0.5,164,44.0,21.5,6,200.23005882352945
2024,5.303,11,84.04778947368419,36.9,1019.8,0,0.5,164,44.0,21.5,3,166.49304761904764
2024,5.303,14,84.44442105263161,36.9,1019.8,0,0.5,164,44.0,21.5,10,175.70740000000004
2024,5.303,18,84.68824561403511,36.9,1019.8,0,0.5,164,44.0,21.5,9,160.51281818181818
2024,5.303,22,84.72173684210529,36.9,1019.8,0,0.5,164,44.0,21.5,8,194.25176470588235
2024,5.303,27,84.81536842105264,36.9,1019.8,0,0.5,164,44.0,21.5,16,152.85716666666667
2024,5.303,20,84.56173214285718,36.9,1019.8,0,0.5,164,44.0,21.5,14,194.8696666666667
2024,5.303,23,84.57321428571431,36.9,1019.8,0,0.5,164,44.0,21.5,12,157.0643846153846
2024,5.303,3,84.6554642857143,36.9,1019.8,0,0.5,164,44.0,21.5,18,145.4374
2024,5.303,10,85.09807142857142,36.9,1019.8,0,0.5,164,44.0,21.5,17,108.64588888888889
2024,5.303,77,85.25724999999998,36.9,1019.8,0,0.5,164,44.0,21.5,13,165.7855
2024,5.303,24,85.22223214285714,36.9,1019.8,0,0.5,164,44.0,21.5,19,126.11012499999998
2024,5.303,31,85.43819642857143,36.9,1019.8,0,0.5,164,44.0,21.5,15,120.12536842105264
2024,5.303,63,83.50589090909091,36.9,1019.8,0,0.5,164,44.0,21.5,7,149.44336363636364
2024,5.303,44,84.62414285714287,36.9,1019.8,0,0.5,164,44.0,21.5,11,144.37885714285713
2024,5.303,1,83.607,36.9,1019.8,0,0.5,164,44.0,21.5,1,174.75065
2024,5.807,1,129.47751923076922,31.8,1012.9,0,2.7,181,56.0,19.5,1,302.60118181818183
2024,5.807,11,129.6795,31.8,1012.9,0,2.7,181,56.0,19.5,2,303.39336363636363
2024,5.807,55,129.7465192307693,31.8,1012.9,0,2.7,181,56.0,19.5,4,302.5674545454545
2024,5.807,16,129.52971153846153,31.8,1012.9,0,2.7,181,56.0,19.5,8,285.40981818181814
2024,5.807,4,129.97144230769234,31.8,1012.9,0,2.7,181,56.0,19.5,3,268.86083333333335
2024,5.807,14,130.1406153846154,31.8,1012.9,0,2.7,181,56.0,19.5,5,301.42072727272733
2024,5.807,63,129.80634615384614,31.8,1012.9,0,2.7,181,56.0,19.5,9,241.78135714285713
2024,5.807,81,130.1295192307692,31.8,1012.9,0,2.7,181,56.0,19.5,6,304.2817272727272
2024,5.807,44,129.98992307692308,31.8,1012.9,0,2.7,181,56.0,19.5,7,241.31464285714284
2024,5.807,22,131.32552941176468,31.8,1012.9,0,2.7,181,56.0,19.5,10,190.64264705882348
2024,5.807,27,131.5270784313726,31.8,1012.9,0,2.7,181,56.0,19.5,12,184.95154545454545
2024,5.807,18,131.27850980392154,31.8,1012.9,0,2.7,181,56.0,19.5,16,153.5428
2024,5.807,20,131.30025490196087,31.8,1012.9,0,2.7,181,56.0,19.5,18,135.7055
2024,5.807,77,131.7200588235294,31.8,1012.9,0,2.7,181,56.0,19.5,13,186.9527272727273
2024,5.807,31,132.05001960784318,31.8,1012.9,0,2.7,181,56.0,19.5,15,188.40309090909093
2024,5.807,10,132.26292156862746,31.8,1012.9,0,2.7,181,56.0,19.5,17,144.1416
2024,5.807,2,132.31127450980398,31.8,1012.9,0,2.7,181,56.0,19.5,19,137.19559999999998
2024,5.807,24,252.17309090909094,31.8,1012.9,0,2.7,181,56.0,19.5,20,150.2816
2024,5.451,1,108.20047272727273,26.8,1011.6,0,1.2,153,69.0,18.0,1,257.957
2024,5.451,4,108.39641818181818,26.8,1011.6,0,1.2,153,69.0,18.0,4,342.30458333333337
2024,5.451,11,108.50443636363634,26.8,1011.6,0,1.2,153,69.0,18.0,2,248.8173125
2024,5.451,16,108.53980000000003,26.8,1011.6,0,1.2,153,69.0,18.0,6,237.21152941176473
2024,5.451,55,108.71618181818184,26.8,1011.6,0,1.2,153,69.0,18.0,7,273.62056249999995
2024,5.451,63,108.82785454545453,26.8,1011.6,0,1.2,153,69.0,18.0,8,241.86994117647058
2024,5.451,14,108.95990909090911,26.8,1011.6,0,1.2,153,69.0,18.0,3,322.13046153846153
2024,5.451,81,109.15692727272727,26.8,1011.6,0,1.2,153,69.0,18.0,5,312.7897692307692
2024,5.451,44,109.07341818181817,26.8,1011.6,0,1.2,153,69.0,18.0,18,168.5886
2024,5.451,27,109.19979999999995,26.8,1011.6,0,1.2,153,69.0,18.0,9,214.19654999999997
2024,5.451,31,109.20852727272725,26.8,1011.6,0,1.2,153,69.0,18.0,13,238.1569230769231
2024,5.451,23,109.24901818181816,26.8,1011.6,0,1.2,153,69.0,18.0,14,259.27175
2024,5.451,10,109.30672727272727,26.8,1011.6,0,1.2,153,69.0,18.0,15,236.6036923076923
2024,5.451,24,109.33767272727269,26.8,1011.6,0,1.2,153,69.0,18.0,16,143.64357142857145
2024,5.451,18,109.5929090909091,26.8,1011.6,0,1.2,153,69.0,18.0,11,287.6906
2024,5.451,20,109.43638181818179,26.8,1011.6,0,1.2,153,69.0,18.0,17,205.36520000000002
2024,5.451,2,109.55516363636364,26.8,1011.6,0,1.2,153,69.0,18.0,20,157.69416666666666
2024,5.451,3,115.21293749999998,26.8,1011.6,0,1.2,153,69.0,18.0,12,285.1502
2024,5.451,22,111.06360000000002,26.8,1011.6,0,1.2,153,69.0,18.0,19,144.97512500000002
2024,5.451,77,103.9095,26.8,1011.6,0,1.2,153,69.0,18.0,10,332.7685
2024,5.412,4,95.55280357142854,40.5,1016.6,0,3.1,148,62.0,28.0,5,179.7781052631579
2024,5.412,1,95.77053571428567,40.5,1016.6,0,3.1,148,62.0,28.0,1,198.45499999999998
2024,5.412,16,95.78748214285712,40.5,1016.6,0,3.1,148,62.0,28.0,2,180.59878947368423
2024,5.412,55,95.78658928571429,40.5,1016.6,0,3.1,148,62.0,28.0,3,182.2204210526316
2024,5.412,11,95.82578571428567,40.5,1016.6,0,3.1,148,62.0,28.0,4,210.5885625
2024,5.412,44,95.83101785714284,40.5,1016.6,0,3.1,148,62.0,28.0,8,185.0692105263158
2024,5.412,22,95.98225000000002,40.5,1016.6,0,3.1,148,62.0,28.0,10,175.57789473684207
2024,5.412,63,96.12567857142858,40.5,1016.6,0,3.1,148,62.0,28.0,7,184.61763157894737
2024,5.412,14,96.14212499999998,40.5,1016.6,0,3.1,148,62.0,28.0,15,164.58885714285717
2024,5.412,31,96.17658928571431,40.5,1016.6,0,3.1,148,62.0,28.0,13,173.6902857142857
2024,5.412,27,96.25903571428573,40.5,1016.6,0,3.1,148,62.0,28.0,9,181.59226315789473
2024,5.412,10,96.27637500000002,40.5,1016.6,0,3.1,148,62.0,28.0,12,178.3345384615385
2024,5.412,81,96.4782857142857,40.5,1016.6,0,3.1,148,62.0,28.0,6,197.93605882352944
2024,5.412,24,96.33587500000003,40.5,1016.6,0,3.1,148,62.0,28.0,20,139.54425
2024,5.412,3,96.32439285714284,40.5,1016.6,0,3.1,148,62.0,28.0,18,131.797125
2024,5.412,77,96.39661818181817,40.5,1016.6,0,3.1,148,62.0,28.0,16,175.82799999999997
2024,5.412,18,96.30437500000001,40.5,1016.6,0,3.1,148,62.0,28.0,11,164.72907142857144
2024,5.412,20,96.42205357142858,40.5,1016.6,0,3.1,148,62.0,28.0,19,133.53662500000002
2024,5.412,23,96.82158928571427,40.5,1016.6,0,3.1,148,62.0,28.0,14,177.91123076923077
2024,5.412,2,95.3546153846154,40.5,1016.6,0,3.1,148,62.0,28.0,17,156.4014285714286
2024,4.909,1,81.32856451612903,41.3,1006.1,0,0.8,119,42.0,26.1,1,201.84462499999998
2024,4.909,4,81.32601612903223,41.3,1006.1,0,0.8,119,42.0,26.1,3,195.68100000000004
2024,4.909,16,81.42883870967745,41.3,1006.1,0,0.8,119,42.0,26.1,4,174.81921052631577
2024,4.909,81,81.51061290322579,41.3,1006.1,0,0.8,119,42.0,26.1,2,246.09984615384622
2024,4.909,55,81.65206451612903,41.3,1006.1,0,0.8,119,42.0,26.1,5,184.7643888888889
2024,4.909,44,81.82653225806452,41.3,1006.1,0,0.8,119,42.0,26.1,8,190.4245
2024,4.909,63,82.03077419354841,41.3,1006.1,0,0.8,119,42.0,26.1,6,215.3025625
2024,4.909,11,82.11698387096774,41.3,1006.1,0,0.8,119,42.0,26.1,11,243.11666666666667
2024,4.909,18,82.48924193548386,41.3,1006.1,0,0.8,119,42.0,26.1,13,165.1525
2024,4.909,22,82.86642622950819,41.3,1006.1,0,0.8,119,42.0,26.1,7,236.73192307692304
2024,4.909,27,82.99640983606557,41.3,1006.1,0,0.8,119,42.0,26.1,10,179.63368421052633
2024,4.909,20,82.94745901639344,41.3,1006.1,0,0.8,119,42.0,26.1,18,136.3072857142857
2024,4.909,3,83.00921311475412,41.3,1006.1,0,0.8,119,42.0,26.1,9,233.43576923076924
2024,4.909,31,83.26573770491805,41.3,1006.1,0,0.8,119,42.0,26.1,12,165.48557142857143
2024,4.909,24,83.236131147541,41.3,1006.1,0,0.8,119,42.0,26.1,17,126.801375
2024,4.909,10,83.33767213114751,41.3,1006.1,0,0.8,119,42.0,26.1,15,179.62561538461534
2024,4.909,2,83.33159016393444,41.3,1006.1,0,0.8,119,42.0,26.1,20,145.57857142857142
2024,4.909,77,83.43150819672131,41.3,1006.1,0,0.8,119,42.0,26.1,16,126.0036
2024,4.909,14,83.71685245901641,41.3,1006.1,0,0.8,119,42.0,26.1,19,106.94649999999997
2024,4.909,23,85.93434000000003,41.3,1006.1,0,0.8,119,42.0,26.1,14,181.32381818181818
2024,3.337,16,79.73018181818179,40.3,1018.5,0,0.6,168,62.0,21.7,1,135.72768
2024,3.337,81,79.79171428571432,40.3,1018.5,0,0.6,168,62.0,21.7,2,153.2808695652174
2024,3.337,55,79.7456883116883,40.3,1018.5,0,0.6,168,62.0,21.7,3,126.35992592592591
2024,3.337,4,79.69041558441556,40.3,1018.5,0,0.6,168,62.0,21.7,4,136.83353846153844
2024,3.337,63,79.67505194805196,40.3,1018.5,0,0.6,168,62.0,21.7,5,130.67766666666665
2024,3.337,1,79.61640259740255,40.3,1018.5,0,0.6,168,62.0,21.7,6,127.29651851851848
2024,3.337,44,79.56698701298698,40.3,1018.5,0,0.6,168,62.0,21.7,7,130.40896296296296
2024,3.337,22,80.8741052631579,40.3,1018.5,0,0.6,168,62.0,21.7,8,146.39833333333337
2024,3.337,23,80.9840657894737,40.3,1018.5,0,0.6,168,62.0,21.7,9,117.70582142857141
2024,3.337,10,81.02763157894739,40.3,1018.5,0,0.6,168,62.0,21.7,10,122.98037931034482
2024,3.337,14,81.14965333333332,40.3,1018.5,0,0.6,168,62.0,21.7,16,96.6879
2024,3.337,3,81.22948,40.3,1018.5,0,0.6,168,62.0,21.7,13,119.44895
2024,3.337,77,81.04391999999999,40.3,1018.5,0,0.6,168,62.0,21.7,19,99.79209999999998
2024,3.337,18,81.31830666666664,40.3,1018.5,0,0.6,168,62.0,21.7,14,143.7013125
2024,3.337,2,81.16962666666664,40.3,1018.5,0,0.6,168,62.0,21.7,17,97.4940909090909
2024,3.337,24,81.66081333333334,40.3,1018.5,0,0.6,168,62.0,21.7,20,103.2127
2024,4.361,1,90.4773043478261,26.3,996.0,0,2.4,223,69.0,18.0,2,137.3193703703704
2024,4.361,4,90.50846376811596,26.3,996.0,0,2.4,223,69.0,18.0,3,146.22951999999998
2024,4.361,63,90.55827536231888,26.3,996.0,0,2.4,223,69.0,18.0,1,143.70884000000004
2024,4.361,44,90.47365217391305,26.3,996.0,0,2.4,223,69.0,18.0,7,144.70766666666665
2024,4.361,81,90.57489855072463,26.3,996.0,0,2.4,223,69.0,18.0,4,124.19350000000001
2024,4.361,14,90.66881159420294,26.3,996.0,0,2.4,223,69.0,18.0,6,159.56531818181818
2024,4.361,18,90.70246376811593,26.3,996.0,0,2.4,223,69.0,18.0,9,147.07483333333334
2024,4.361,3,90.80136231884056,26.3,996.0,0,2.4,223,69.0,18.0,5,144.40833333333333
2024,4.361,10,90.68531884057971,26.3,996.0,0,2.4,223,69.0,18.0,15,140.27031250000002
2024,4.361,31,90.7146956521739,26.3,996.0,0,2.4,223,69.0,18.0,18,106.65166666666666
2024,4.361,27,90.7625507246377,26.3,996.0,0,2.4,223,69.0,18.0,19,98.09244444444442
2024,4.361,20,90.83120289855073,26.3,996.0,0,2.4,223,69.0,18.0,14,148.40546666666665
2024,4.361,77,90.82039130434781,26.3,996.0,0,2.4,223,69.0,18.0,17,102.00044444444444
2024,4.361,22,91.10023188405799,26.3,996.0,0,2.4,223,69.0,18.0,8,153.02321739130434
2024,4.361,24,92.32194117647055,26.3,996.0,0,2.4,223,69.0,18.0,20,101.22300000000001
2024,4.361,55,91.58449019607843,26.3,996.0,0,2.4,223,69.0,18.0,12,107.68366666666667
2024,4.361,23,91.6324117647059,26.3,996.0,0,2.4,223,69.0,18.0,10,138.7382
2024,4.361,11,91.81416000000002,26.3,996.0,0,2.4,223,69.0,18.0,16,101.184
2024,4.361,16,95.61271794871796,26.3,996.0,0,2.4,223,69.0,18.0,11,109.22689999999997
2024,4.361,2,93.03790909090911,26.3,996.0,0,2.4,223,69.0,18.0,13,112.50019047619047
2024,4.655,1,80.26216923076922,39.9,1001.2,0,1.9,247,63.0,23.7,2,323.9382
2024,4.655,4,80.28450769230767,39.9,1001.2,0,1.9,247,63.0,23.7,1,303.4763636363636
2024,4.655,44,80.51655384615384,39.9,1001.2,0,1.9,247,63.0,23.7,3,203.23793750000002
2024,4.655,63,80.61506153846157,39.9,1001.2,0,1.9,247,63.0,23.7,4,226.08707142857142
2024,4.655,16,80.57712307692309,39.9,1001.2,0,1.9,247,63.0,23.7,5,313.6829000000001
2024,4.655,55,80.69492307692309,39.9,1001.2,0,1.9,247,63.0,23.7,6,312.46799999999996
2024,4.655,81,80.72175384615385,39.9,1001.2,0,1.9,247,63.0,23.7,10,220.98421428571427
2024,4.655,11,81.09440000000002,39.9,1001.2,0,1.9,247,63.0,23.7,8,200.07118750000004
2024,4.655,10,81.1641230769231,39.9,1001.2,0,1.9,247,63.0,23.7,7,196.95125000000002
2024,4.655,31,81.3024,39.9,1001.2,0,1.9,247,63.0,23.7,9,195.6111875
2024,4.655,27,81.33033846153847,39.9,1001.2,0,1.9,247,63.0,23.7,13,185.5582727272727
2024,4.655,14,81.57084375,39.9,1001.2,0,1.9,247,63.0,23.7,11,190.83945454545457
2024,4.655,24,81.63517187500004,39.9,1001.2,0,1.9,247,63.0,23.7,15,167.87049999999996
2024,4.655,18,81.81051562500005,39.9,1001.2,0,1.9,247,63.0,23.7,14,156.084
2024,4.655,3,82.07071874999998,39.9,1001.2,0,1.9,247,63.0,23.7,18,127.31399999999998
2024,4.655,77,82.242796875,39.9,1001.2,0,1.9,247,63.0,23.7,12,182.79081818181817
2024,4.655,20,82.25596874999998,39.9,1001.2,0,1.9,247,63.0,23.7,16,144.6612
2024,4.655,23,82.25712500000002,39.9,1001.2,0,1.9,247,63.0,23.7,19,122.44359999999999
2024,4.655,22,82.40323437500001,39.9,1001.2,0,1.9,247,63.0,23.7,17,137.51575
2024,4.655,2,82.75533333333333,39.9,1001.2,0,1.9,247,63.0,23.7,20,141.490375
2024,4.318,63,71.26281428571431,43.4,932.8,0,1.5,295,35.0,29.2,3,204.7674375
2024,4.318,81,71.25362857142856,43.4,932.8,0,1.5,295,35.0,29.2,7,227.61419999999998
2024,4.318,55,71.31250000000001,43.4,932.8,0,1.5,295,35.0,29.2,4,215.5785
2024,4.318,44,71.58714285714284,43.4,932.8,0,1.5,295,35.0,29.2,5,204.36387499999995
2024,4.318,1,71.68572857142858,43.4,932.8,0,1.5,295,35.0,29.2,1,210.57976470588238
2024,4.318,27,71.97808571428573,43.4,932.8,0,1.5,295,35.0,29.2,9,177.02142105263158
2024,4.318,11,72.01778571428571,43.4,932.8,0,1.5,295,35.0,29.2,8,185.93084210526314
2024,4.318,20,72.06181428571429,43.4,932.8,0,1.5,295,35.0,29.2,12,160.60878571428572
2024,4.318,3,72.06371428571428,43.4,932.8,0,1.5,295,35.0,29.2,11,170.56115384615384
2024,4.318,10,72.07792857142854,43.4,932.8,0,1.5,295,35.0,29.2,13,144.8706875
2024,4.318,16,72.11098571428568,43.4,932.8,0,1.5,295,35.0,29.2,6,174.23205000000002
2024,4.318,31,72.19171428571427,43.4,932.8,0,1.5,295,35.0,29.2,10,155.43468181818182
2024,4.318,18,72.3463768115942,43.4,932.8,0,1.5,295,35.0,29.2,17,135.55875
2024,4.318,22,72.40359420289855,43.4,932.8,0,1.5,295,35.0,29.2,14,161.0505714285714
2024,4.318,23,72.36459420289854,43.4,932.8,0,1.5,295,35.0,29.2,16,132.18975
2024,4.318,77,72.48195652173911,43.4,932.8,0,1.5,295,35.0,29.2,18,124.684375
2024,4.318,24,72.80611594202901,43.4,932.8,0,1.5,295,35.0,29.2,20,114.52600000000001
2024,4.318,14,72.90652173913048,43.4,932.8,0,1.5,295,35.0,29.2,15,169.69714285714284
2024,4.318,2,73.30149999999996,43.4,932.8,0,1.5,295,35.0,29.2,19,126.663375
2024,4.318,4,71.70925396825395,43.4,932.8,0,1.5,295,35.0,29.2,2,186.2176842105263
2024,5.891,44,95.11813725490195,26.2,992.4,0,1.6,291,68.0,16.0,2,184.3555909090909
2024,5.891,1,95.13358823529414,26.2,992.4,0,1.6,291,68.0,16.0,4,183.2633181818182
2024,5.891,4,95.24037254901961,26.2,992.4,0,1.6,291,68.0,16.0,3,204.98805263157897
2024,5.891,81,95.32313725490197,26.2,992.4,0,1.6,291,68.0,16.0,5,190.4829047619048
2024,5.891,55,95.90492000000002,26.2,992.4,0,1.6,291,68.0,16.0,7,191.6090476190476
2024,5.891,27,96.12970588235292,26.2,992.4,0,1.6,291,68.0,16.0,6,194.56640000000002
2024,5.891,18,96.16705882352939,26.2,992.4,0,1.6,291,68.0,16.0,8,181.92640909090912
2024,5.891,14,96.2776862745098,26.2,992.4,0,1.6,291,68.0,16.0,10,189.1667142857143
2024,5.891,23,96.35015686274512,26.2,992.4,0,1.6,291,68.0,16.0,9,196.69689999999997
2024,5.891,22,96.57358823529412,26.2,992.4,0,1.6,291,68.0,16.0,13,191.57319999999999
2024,5.891,2,96.7499411764706,26.2,992.4,0,1.6,291,68.0,16.0,12,166.26538888888888
2024,5.891,20,96.73590196078432,26.2,992.4,0,1.6,291,68.0,16.0,17,252.97175000000001
2024,5.891,3,97.08562,26.2,992.4,0,1.6,291,68.0,16.0,15,183.646375
2024,5.891,16,97.75737999999997,26.2,992.4,0,1.6,291,68.0,16.0,11,179.6969375
2024,5.891,77,97.6918,26.2,992.4,0,1.6,291,68.0,16.0,16,169.67588888888892
2024,5.891,31,99.07528571428573,26.2,992.4,0,1.6,291,68.0,16.0,18,173.61333333333334
2024,5.891,11,99.094,26.2,992.4,0,1.6,291,68.0,16.0,19,108.35533333333335
2024,5.891,24,99.98579591836732,26.2,992.4,0,1.6,291,68.0,16.0,14,150.57020000000003
2024,5.891,63,96.13956250000001,26.2,992.4,0,1.6,291,68.0,16.0,1,176.60991304347826
2024,4.381,81,2.0,47.9,981.5,0,1.4,289,44.0,30.0,2,270.61172222222217
2024,4.381,44,84.15402898550727,47.9,981.5,0,1.4,289,44.0,30.0,5,228.0065238095238
2024,4.381,16,84.20952173913042,47.9,981.5,0,1.4,289,44.0,30.0,6,255.85868421052635
2024,4.381,1,84.27539130434788,47.9,981.5,0,1.4,289,44.0,30.0,3,215.71955555555556
2024,4.381,55,84.24195652173913,47.9,981.5,0,1.4,289,44.0,30.0,4,176.3533181818182
2024,4.381,11,84.4107246376812,47.9,981.5,0,1.4,289,44.0,30.0,16,95.22899999999998
2024,4.381,63,84.4556811594203,47.9,981.5,0,1.4,289,44.0,30.0,17,182.38587500000003
2024,4.381,22,84.98843478260869,47.9,981.5,0,1.4,289,44.0,30.0,10,219.28266666666664
2024,4.381,18,85.03108695652175,47.9,981.5,0,1.4,289,44.0,30.0,8,268.0784444444444
2024,4.381,14,85.10975362318842,47.9,981.5,0,1.4,289,44.0,30.0,7,242.42943750000003
2024,4.381,3,13.0,47.9,981.5,0,1.4,289,44.0,30.0,9,289.65917647058825
2024,4.381,23,85.68994029850745,47.9,981.5,0,1.4,289,44.0,30.0,13,199.6676666666667
2024,4.381,20,85.78608823529413,47.9,981.5,0,1.4,289,44.0,30.0,15,240.54599999999994
2024,4.381,77,85.76423529411765,47.9,981.5,0,1.4,289,44.0,30.0,12,183.64582352941179
2024,4.381,2,85.83760294117646,47.9,981.5,0,1.4,289,44.0,30.0,14,249.05425000000002
2024,4.381,31,85.97804411764703,47.9,981.5,0,1.4,289,44.0,30.0,19,98.181
2024,4.381,24,85.9944705882353,47.9,981.5,0,1.4,289,44.0,30.0,18,160.04054545454545
2024,4.381,10,86.27053125,47.9,981.5,0,1.4,289,44.0,30.0,20,101.241
2024,4.381,81,83.98902898550723,47.9,981.5,0,1.4,289,44.0,30.0,2,270.61172222222217
2024,4.381,4,83.98175362318841,47.9,981.5,0,1.4,289,44.0,30.0,1,255.20731578947365
2024,4.381,44,84.15402898550727,47.9,981.5,0,1.4,289,44.0,30.0,5,228.0065238095238
2024,4.381,16,84.20952173913042,47.9,981.5,0,1.4,289,44.0,30.0,6,255.85868421052635
2024,4.381,1,84.27539130434788,47.9,981.5,0,1.4,289,44.0,30.0,3,215.71955555555556
2024,4.381,55,84.24195652173913,47.9,981.5,0,1.4,289,44.0,30.0,4,176.3533181818182
2024,4.381,11,84.4107246376812,47.9,981.5,0,1.4,289,44.0,30.0,16,95.22899999999998
2024,4.381,63,84.4556811594203,47.9,981.5,0,1.4,289,44.0,30.0,17,182.38587500000003
2024,4.381,22,84.98843478260869,47.9,981.5,0,1.4,289,44.0,30.0,10,219.28266666666664
2024,4.381,18,85.03108695652175,47.9,981.5,0,1.4,289,44.0,30.0,8,268.0784444444444
2024,4.381,14,85.10975362318842,47.9,981.5,0,1.4,289,44.0,30.0,7,242.42943750000003
2024,4.381,3,85.37623529411762,47.9,981.5,0,1.4,289,44.0,30.0,9,289.65917647058825
2024,4.381,27,85.57723529411763,47.9,981.5,0,1.4,289,44.0,30.0,11,223.4467857142857
2024,4.381,23,85.68994029850745,47.9,981.5,0,1.4,289,44.0,30.0,13,199.6676666666667
2024,4.381,20,85.78608823529413,47.9,981.5,0,1.4,289,44.0,30.0,15,240.54599999999994
2024,4.381,77,85.76423529411765,47.9,981.5,0,1.4,289,44.0,30.0,12,183.64582352941179
2024,4.381,2,85.83760294117646,47.9,981.5,0,1.4,289,44.0,30.0,14,249.05425000000002
2024,4.381,31,85.97804411764703,47.9,981.5,0,1.4,289,44.0,30.0,19,98.181
2024,4.381,10,86.27053125,47.9,981.5,0,1.4,289,44.0,30.0,20,101.241
2024,7.004,63,108.93247619047621,42.6,978.0,0,1.6,8,48.0,21.4,7,164.1565
2024,7.004,44,108.99599999999998,42.6,978.0,0,1.6,8,48.0,21.4,4,164.04825
2024,7.004,81,108.98421428571427,42.6,978.0,0,1.6,8,48.0,21.4,6,167.87238095238095
2024,7.004,16,109.20514285714287,42.6,978.0,0,1.6,8,48.0,21.4,2,168.15380952380954
2024,7.004,1,109.09961904761903,42.6,978.0,0,1.6,8,48.0,21.4,1,178.5627
2024,7.004,4,109.15166666666667,42.6,978.0,0,1.6,8,48.0,21.4,5,156.9827272727273
2024,7.004,55,109.40954761904761,42.6,978.0,0,1.6,8,48.0,21.4,8,159.77090476190477
2024,7.004,11,110.04988095238096,42.6,978.0,0,1.6,8,48.0,21.4,3,173.89204999999998
2024,7.004,14,110.05614285714285,42.6,978.0,0,1.6,8,48.0,21.4,9,166.29219047619048
2024,7.004,31,110.10040476190476,42.6,978.0,0,1.6,8,48.0,21.4,10,160.87490476190476
2024,7.004,3,110.11988095238097,42.6,978.0,0,1.6,8,48.0,21.4,13,168.2283846153846
2024,7.004,18,110.34470731707317,42.6,978.0,0,1.6,8,48.0,21.4,15,153.70706249999998
2024,7.004,23,110.41695121951219,42.6,978.0,0,1.6,8,48.0,21.4,11,162.48399999999998
2024,7.004,10,110.41409756097559,42.6,978.0,0,1.6,8,48.0,21.4,12,146.46375
2024,7.004,20,110.41263414634143,42.6,978.0,0,1.6,8,48.0,21.4,17,145.00225
2024,7.004,77,110.57346341463413,42.6,978.0,0,1.6,8,48.0,21.4,14,154.288875
2024,7.004,22,110.56961904761903,42.6,978.0,0,1.6,8,48.0,21.4,18,157.3192857142857
2024,7.004,27,110.8510238095238,42.6,978.0,0,1.6,8,48.0,21.4,16,145.61975
2024,7.004,2,110.79564285714287,42.6,978.0,0,1.6,8,48.0,21.4,19,142.9512857142857
2024,7.004,24,134.8075,42.6,978.0,0,1.6,8,48.0,21.4,20,146.16199999999998
2024,4.259,4,75.64240909090908,30.7,1020.0,0,5.9,220,58.0,19.3,1,257.23876923076926
2024,4.259,1,75.97516923076924,30.7,1020.0,0,5.9,220,58.0,19.3,2,255.65891666666673
2024,4.259,81,75.61765151515151,30.7,1020.0,0,5.9,220,58.0,19.3,3,241.60200000000003
2024,4.259,16,75.94550769230769,30.7,1020.0,0,5.9,220,58.0,19.3,6,150.470652173913
2024,4.259,55,75.7196153846154,30.7,1020.0,0,5.9,220,58.0,19.3,11,136.30623529411764
2024,4.259,11,76.17249230769227,30.7,1020.0,0,5.9,220,58.0,19.3,5,224.51846666666668
2024,4.259,63,76.25096923076923,30.7,1020.0,0,5.9,220,58.0,19.3,4,209.2589375
2024,4.259,10,76.356109375,30.7,1020.0,0,5.9,220,58.0,19.3,10,188.6315
2024,4.259,14,76.46958461538462,30.7,1020.0,0,5.9,220,58.0,19.3,7,220.5459333333333
2024,4.259,44,76.26509230769229,30.7,1020.0,0,5.9,220,58.0,19.3,12,186.96266666666668
2024,4.259,27,76.86371874999998,30.7,1020.0,0,5.9,220,58.0,19.3,14,146.01156250000003
2024,4.259,3,76.89375384615384,30.7,1020.0,0,5.9,220,58.0,19.3,16,108.1875
2024,4.259,18,76.66126153846155,30.7,1020.0,0,5.9,220,58.0,19.3,9,182.33805555555557
2024,4.259,23,77.16654687500001,30.7,1020.0,0,5.9,220,58.0,19.3,8,213.63574999999994
2024,4.259,31,76.99315384615383,30.7,1020.0,0,5.9,220,58.0,19.3,17,135.1735
2024,4.259,22,77.22458461538464,30.7,1020.0,0,5.9,220,58.0,19.3,13,154.4419285714286
2024,4.259,20,77.443734375,30.7,1020.0,0,5.9,220,58.0,19.3,15,162.154
2024,4.259,77,77.71803125000001,30.7,1020.0,0,5.9,220,58.0,19.3,18,123.371875
2024,4.259,24,78.205328125,30.7,1020.0,0,5.9,220,58.0,19.3,19,127.00537499999999
2024,5.793,16,84.47207692307691,43.5,992.8,0,1.9,229,32.0,32.2,4,194.64831578947368
2024,5.793,81,84.53400000000002,43.5,992.8,0,1.9,229,32.0,32.2,2,208.16205882352938
2024,5.793,4,84.57517307692306,43.5,992.8,0,1.9,229,32.0,32.2,1,353.9865
2024,5.793,55,84.75005769230766,43.5,992.8,0,1.9,229,32.0,32.2,5,231.19368749999998
2024,5.793,44,84.88217307692308,43.5,992.8,0,1.9,229,32.0,32.2,6,212.086875
2024,5.793,1,85.15971153846152,43.5,992.8,0,1.9,229,32.0,32.2,7,219.58243749999997
2024,5.793,63,85.17173076923073,43.5,992.8,0,1.9,229,32.0,32.2,3,212.312375
2024,5.793,11,85.44571153846154,43.5,992.8,0,1.9,229,32.0,32.2,8,229.33793333333335
2024,5.793,23,85.69649999999999,43.5,992.8,0,1.9,229,32.0,32.2,9,217.8981875
2024,5.793,20,85.48265384615382,43.5,992.8,0,1.9,229,32.0,32.2,13,251.1415
2024,5.793,14,85.70790384615387,43.5,992.8,0,1.9,229,32.0,32.2,11,227.75469999999996
2024,5.793,43,85.88749999999997,43.5,992.8,0,1.9,229,32.0,32.2,18,158.2536
2024,5.793,3,85.88605769230769,43.5,992.8,0,1.9,229,32.0,32.2,12,214.6664545454545
2024,5.793,31,86.23439215686274,43.5,992.8,0,1.9,229,32.0,32.2,15,174.60346666666666
2024,5.793,10,86.35682352941176,43.5,992.8,0,1.9,229,32.0,32.2,14,174.60013333333336
2024,5.793,77,86.50123529411769,43.5,992.8,0,1.9,229,32.0,32.2,19,136.8426
2024,5.793,27,86.58976470588235,43.5,992.8,0,1.9,229,32.0,32.2,10,229.25281249999998
2024,5.793,24,86.74607843137254,43.5,992.8,0,1.9,229,32.0,32.2,20,127.508625
2024,5.793,18,86.83186274509801,43.5,992.8,0,1.9,229,32.0,32.2,17,139.101
2024,5.793,22,90.23899999999999,43.5,992.8,0,1.9,229,32.0,32.2,16,169.54139999999998
2024,5.063,4,97.57618032786887,34.7,1009.1,0,1.4,262,74.0,30.4,1,328.55184615384616
2024,5.063,1,97.9033278688524,34.7,1009.1,0,1.4,262,74.0,30.4,2,273.49600000000004
2024,5.063,81,98.18239344262292,34.7,1009.1,0,1.4,262,74.0,30.4,5,282.4980666666667
2024,5.063,63,98.52113114754103,34.7,1009.1,0,1.4,262,74.0,30.4,4,321.2984615384615
2024,5.063,16,98.49034426229511,34.7,1009.1,0,1.4,262,74.0,30.4,9,274.2630625
2024,5.063,44,98.93634426229505,34.7,1009.1,0,1.4,262,74.0,30.4,3,321.0084615384616
2024,5.063,55,99.00178688524589,34.7,1009.1,0,1.4,262,74.0,30.4,10,178.87499999999997
2024,5.063,14,99.1176666666667,34.7,1009.1,0,1.4,262,74.0,30.4,7,292.0848571428572
2024,5.063,27,99.16646666666671,34.7,1009.1,0,1.4,262,74.0,30.4,6,268.9468666666666
2024,5.063,11,99.15075,34.7,1009.1,0,1.4,262,74.0,30.4,13,184.04415384615385
2024,5.063,43,99.18598333333333,34.7,1009.1,0,1.4,262,74.0,30.4,12,206.08509090909092
2024,5.063,22,99.20773333333332,34.7,1009.1,0,1.4,262,74.0,30.4,8,295.7437142857143
2024,5.063,31,99.77748333333332,34.7,1009.1,0,1.4,262,74.0,30.4,15,168.4122857142857
2024,5.063,18,99.79221666666666,34.7,1009.1,0,1.4,262,74.0,30.4,17,171.6182
2024,5.063,24,99.9328166666667,34.7,1009.1,0,1.4,262,74.0,30.4,20,141.42624999999998
2024,5.063,77,99.95065,34.7,1009.1,0,1.4,262,74.0,30.4,19,140.570875
2024,5.063,10,99.99415000000003,34.7,1009.1,0,1.4,262,74.0,30.4,18,141.53050000000002
2024,5.063,3,100.51746666666666,34.7,1009.1,0,1.4,262,74.0,30.4,16,150.3406
2024,5.063,20,101.81244642857139,34.7,1009.1,0,1.4,262,74.0,30.4,14,188.3237272727273
2024,5.063,23,103.56657142857144,34.7,1009.1,0,1.4,262,74.0,30.4,11,202.69972727272727
2024,5.513,16,101.99367272727272,46.0,1005.4,0,1.0,72,32.0,29.2,4,183.3678947368421
2024,5.513,55,102.1077818181818,46.0,1005.4,0,1.0,72,32.0,29.2,3,193.34955555555555
2024,5.513,1,102.31625454545458,46.0,1005.4,0,1.0,72,32.0,29.2,2,206.1283125
2024,5.513,4,102.21983636363638,46.0,1005.4,0,1.0,72,32.0,29.2,1,231.86146666666667
2024,5.513,81,102.3204181818182,46.0,1005.4,0,1.0,72,32.0,29.2,5,193.5983888888889
2024,5.513,63,102.8052181818182,46.0,1005.4,0,1.0,72,32.0,29.2,6,233.95115384615386
2024,5.513,11,102.95703636363632,46.0,1005.4,0,1.0,72,32.0,29.2,10,215.56440000000003
2024,5.513,27,103.0093090909091,46.0,1005.4,0,1.0,72,32.0,29.2,12,188.67054545454548
2024,5.513,30,103.11323636363637,46.0,1005.4,0,1.0,72,32.0,29.2,15,220.0201
2024,5.513,43,103.12172727272728,46.0,1005.4,0,1.0,72,32.0,29.2,17,183.3612
2024,5.513,20,103.35178181818185,46.0,1005.4,0,1.0,72,32.0,29.2,9,197.36518750000002
2024,5.513,10,103.46856363636363,46.0,1005.4,0,1.0,72,32.0,29.2,7,183.9251052631579
2024,5.513,14,103.79525925925925,46.0,1005.4,0,1.0,72,32.0,29.2,8,198.8444117647059
2024,5.513,22,103.83774074074074,46.0,1005.4,0,1.0,72,32.0,29.2,11,177.63584615384613
2024,5.513,18,104.03892592592594,46.0,1005.4,0,1.0,72,32.0,29.2,14,183.50999999999996
2024,5.513,23,104.00855555555557,46.0,1005.4,0,1.0,72,32.0,29.2,16,150.5167142857143
2024,5.513,77,104.31975925925926,46.0,1005.4,0,1.0,72,32.0,29.2,18,141.03549999999998
2024,5.513,31,104.35196296296299,46.0,1005.4,0,1.0,72,32.0,29.2,13,169.029
2024,5.513,24,104.61862962962961,46.0,1005.4,0,1.0,72,32.0,29.2,20,137.82237499999997
2024,4.304,55,84.97965714285714,30.8,784.6,0,3.0,296,53.0,19.7,1,201.30394736842103
2024,4.304,4,85.01715714285712,30.8,784.6,0,3.0,296,53.0,19.7,3,271.49799999999993
2024,4.304,16,85.41944285714284,30.8,784.6,0,3.0,296,53.0,19.7,4,195.6785263157895
2024,4.304,44,85.54778571428577,30.8,784.6,0,3.0,296,53.0,19.7,6,231.284625
2024,4.304,63,85.56291428571429,30.8,784.6,0,3.0,296,53.0,19.7,5,231.32237500000002
2024,4.304,1,85.86141428571426,30.8,784.6,0,3.0,296,53.0,19.7,2,215.61388235294112
2024,4.304,20,85.75227142857142,30.8,784.6,0,3.0,296,53.0,19.7,7,224.2921333333333
2024,4.304,81,85.5326428571429,30.8,784.6,0,3.0,296,53.0,19.7,17,113.1182857142857
2024,4.304,27,86.08585507246373,30.8,784.6,0,3.0,296,53.0,19.7,10,222.7378
2024,4.304,10,86.29376811594203,30.8,784.6,0,3.0,296,53.0,19.7,8,248.5772
2024,4.304,18,86.33314492753624,30.8,784.6,0,3.0,296,53.0,19.7,14,184.93408333333332
2024,4.304,43,86.30172463768113,30.8,784.6,0,3.0,296,53.0,19.7,16,126.2298
2024,4.304,31,86.38718840579708,30.8,784.6,0,3.0,296,53.0,19.7,19,131.35625
2024,4.304,77,86.48524637681159,30.8,784.6,0,3.0,296,53.0,19.7,15,183.55558333333332
2024,4.304,24,86.74186956521739,30.8,784.6,0,3.0,296,53.0,19.7,20,124.29862499999999
2024,4.304,30,86.9468115942029,30.8,784.6,0,3.0,296,53.0,19.7,12,200.60255555555557
2024,4.304,11,86.98178260869562,30.8,784.6,0,3.0,296,53.0,19.7,18,110.60624999999999
2024,4.304,14,100.03307142857143,30.8,784.6,0,3.0,296,53.0,19.7,13,199.2647272727273
2024,4.309,1,110.5186617647059,24.1,925.4,0,0.4,160,89.0,20.5,3,74.2961304347826
2024,4.309,31,110.87411764705882,24.1,925.4,0,0.4,160,89.0,20.5,13,75.46
2024,4.309,10,110.86632352941182,24.1,925.4,0,0.4,160,89.0,20.5,7,74.91017391304348
2024,4.309,63,110.98792647058826,24.1,925.4,0,0.4,160,89.0,20.5,6,74.69800000000001
2024,4.309,16,111.02410294117647,24.1,925.4,0,0.4,160,89.0,20.5,4,74.49656521739129
2024,4.309,4,111.08822058823527,24.1,925.4,0,0.4,160,89.0,20.5,1,74.30491304347825
2024,4.309,22,111.21672058823526,24.1,925.4,0,0.4,160,89.0,20.5,15,75.72643478260869
2024,4.309,81,111.06954411764706,24.1,925.4,0,0.4,160,89.0,20.5,2,74.35669565217391
2024,4.309,30,111.30720588235297,24.1,925.4,0,0.4,160,89.0,20.5,9,75.00500000000001
2024,4.309,44,111.26924999999997,24.1,925.4,0,0.4,160,89.0,20.5,11,75.28399999999999
2024,4.309,11,111.1260882352941,24.1,925.4,0,0.4,160,89.0,20.5,8,74.83969565217392
2024,4.309,50,111.33858823529413,24.1,925.4,0,0.4,160,89.0,20.5,14,75.60239130434779
2024,4.309,77,111.41717647058822,24.1,925.4,0,0.4,160,89.0,20.5,16,75.83095652173913
2024,4.309,14,111.69354411764706,24.1,925.4,0,0.4,160,89.0,20.5,18,76.33017391304348
2024,4.309,24,111.63719117647057,24.1,925.4,0,0.4,160,89.0,20.5,17,76.04578260869566
2024,4.309,55,130.83148648648648,24.1,925.4,0,0.4,160,89.0,20.5,5,74.50208695652174
2024,4.309,43,89.94200000000001,24.1,925.4,0,0.4,160,89.0,20.5,12,75.45217391304347
2024,4.309,27,98.4926551724138,24.1,925.4,0,0.4,160,89.0,20.53,20,73.56438888888887
2024,6.201,16,98.70142857142855,24.3,1018.3,0,2.6,10,60.0,19.8,4,214.05623809523811
2024,6.201,4,99.23595918367347,24.3,1018.3,0,2.6,10,60.0,19.8,6,253.77166666666668
2024,6.201,81,99.36532653061224,24.3,1018.3,0,2.6,10,60.0,19.8,8,245.7444210526316
2024,6.201,55,98.6339387755102,24.3,1018.3,0,2.6,10,60.0,19.8,2,201.81282608695656
2024,6.201,22,99.62116326530614,24.3,1018.3,0,2.6,10,60.0,19.8,7,207.47947826086948
2024,6.201,77,100.47177083333334,24.3,1018.3,0,2.6,10,60.0,19.8,19,124.81355555555554
2024,6.201,18,99.92538775510204,24.3,1018.3,0,2.6,10,60.0,19.8,20,109.006
2024,6.201,63,98.42248979591834,24.3,1018.3,0,2.6,10,60.0,19.8,1,205.76
2024,6.201,23,100.78641666666668,24.3,1018.3,0,2.6,10,60.0,19.8,18,121.88188888888891
2024,6.201,44,98.45236734693881,24.3,1018.3,0,2.6,10,60.0,19.8,10,208.07881818181812
2024,6.201,1,98.7068163265306,24.3,1018.3,0,2.6,10,60.0,19.8,5,242.44331578947367
2024,6.201,14,99.63961224489796,24.3,1018.3,0,2.6,10,60.0,19.8,17,125.39175
2024,6.201,27,99.532693877551,24.3,1018.3,0,2.6,10,60.0,19.8,9,279.495
2024,6.201,10,102.2602142857143,24.3,1018.3,0,2.6,10,60.0,19.8,3,205.1037083333333
2024,6.201,20,99.65628571428569,24.3,1018.3,0,2.6,10,60.0,19.8,12,170.44281818181818
2024,6.201,30,100.09351020408164,24.3,1018.3,0,2.6,10,60.0,19.8,15,146.28475
2024,6.201,11,99.5059387755102,24.3,1018.3,0,2.6,10,60.0,19.8,16,109.94666666666666
2024,6.201,43,99.7044285714286,24.3,1018.3,0,2.6,10,60.0,19.8,14,158.93578571428571
2024,6.201,31,100.37558333333332,24.3,1018.3,0,2.6,10,60.0,19.8,11,145.75129411764706
2024,6.201,24,99.7831836734694,24.3,1018.3,0,2.6,10,60.0,19.8,13,153.2941875
2024,5.419,1,97.8332608695652,21.9,1015.5,0,1.8,56,64.0,18.3,1,167.60542857142855
2024,5.419,16,97.77434782608695,21.9,1015.5,0,1.8,56,64.0,18.3,5,141.81362499999997
2024,5.419,81,97.73565217391305,21.9,1015.5,0,1.8,56,64.0,18.3,4,167.58575000000005
2024,5.419,63,97.86206521739132,21.9,1015.5,0,1.8,56,64.0,18.3,2,135.2711111111111
2024,5.419,10,97.47528260869566,21.9,1015.5,0,1.8,56,64.0,18.3,11,137.60317647058824
2024,5.419,55,97.94730434782609,21.9,1015.5,0,1.8,56,64.0,18.3,7,141.90641666666667
2024,5.419,14,97.68947826086959,21.9,1015.5,0,1.8,56,64.0,18.3,8,204.8694117647059
2024,5.419,24,97.7976222222222,21.9,1015.5,0,1.8,56,64.0,18.3,12,133.45877777777775
2024,5.419,20,98.09900000000002,21.9,1015.5,0,1.8,56,64.0,18.3,10,146.01458333333335
2024,5.419,4,98.86566666666667,21.9,1015.5,0,1.8,56,64.0,18.3,3,166.97999999999996
2024,5.419,77,98.25602222222221,21.9,1015.5,0,1.8,56,64.0,18.3,13,135.37517647058826
2024,5.419,44,98.89739999999999,21.9,1015.5,0,1.8,56,64.0,18.3,6,137.30024
2024,5.419,22,98.46815555555557,21.9,1015.5,0,1.8,56,64.0,18.3,14,155.64780000000002
2024,5.419,30,98.4471777777778,21.9,1015.5,0,1.8,56,64.0,18.3,17,121.62924999999998
2024,5.419,23,99.44390909090909,21.9,1015.5,0,1.8,56,64.0,18.3,16,123.62625
2024,5.419,27,99.34420689655174,21.9,1015.5,0,1.8,56,64.0,18.3,18,116.03055555555554
2024,5.419,11,99.71564285714285,21.9,1015.5,0,1.8,56,64.0,18.3,9,176.48620000000003
2024,5.419,18,119.25271428571429,21.9,1015.5,0,1.8,56,64.0,18.3,15,183.14376923076924
2024,5.554,4,89.51671428571431,29.1,1018.0,0,1.2,116,60.0,25.8,1,230.5537333333333
2024,5.554,55,89.58778571428569,29.1,1018.0,0,1.2,116,60.0,25.8,3,233.15906666666666
2024,5.554,16,89.91760714285712,29.1,1018.0,0,1.2,116,60.0,25.8,14,209.16309090909093
2024,5.554,44,90.00148214285714,29.1,1018.0,0,1.2,116,60.0,25.8,18,166.47116666666665
2024,5.554,63,90.11155357142857,29.1,1018.0,0,1.2,116,60.0,25.8,7,208.1088235294118
2024,5.554,1,90.24328571428568,29.1,1018.0,0,1.2,116,60.0,25.8,5,263.95015384615385
2024,5.554,10,90.77705454545453,29.1,1018.0,0,1.2,116,60.0,25.8,6,204.6325
2024,5.554,27,90.7996181818182,29.1,1018.0,0,1.2,116,60.0,25.8,4,210.465
2024,5.554,14,90.90369090909088,29.1,1018.0,0,1.2,116,60.0,25.8,8,211.74764705882353
2024,5.554,81,90.78374545454544,29.1,1018.0,0,1.2,116,60.0,25.8,2,227.6352666666667
2024,5.554,23,91.16957407407408,29.1,1018.0,0,1.2,116,60.0,25.8,16,123.84540000000001
2024,5.554,22,91.16807407407406,29.1,1018.0,0,1.2,116,60.0,25.8,11,214.64072727272725
2024,5.554,24,91.29399999999997,29.1,1018.0,0,1.2,116,60.0,25.8,17,146.944
2024,5.554,18,91.25909259259255,29.1,1018.0,0,1.2,116,60.0,25.8,13,194.0543076923077
2024,5.554,61,91.41555555555558,29.1,1018.0,0,1.2,116,60.0,25.8,20,159.0538
2024,5.554,20,92.46442592592592,29.1,1018.0,0,1.2,116,60.0,25.8,15,216.76800000000003
2024,5.554,30,92.21145283018872,29.1,1018.0,0,1.2,116,60.0,25.8,12,211.7084545454546
2024,5.554,77,94.89467857142856,29.1,1018.0,0,1.2,116,60.0,25.8,9,253.5219230769231
2024,5.554,43,94.89512500000001,29.1,1018.0,0,1.2,116,60.0,25.8,19,121.67840000000001