session_type,year,lap_length,position,driver_name,driver_number,average_lap_time,track_temperature,pressure,rainfall,wind_speed,wind_direction,humidity,air_temperature
Practice 1,2025,5.303,1,Charles LECLERC,16,182.9155,37.7,1016.8,0,1.3,109,67.0,22.9
Practice 1,2025,5.303,2,Oscar PIASTRI,81,194.06173684210523,37.7,1016.8,0,1.3,109,67.0,22.9
Practice 1,2025,5.303,3,Lando NORRIS,4,191.72473684210524,37.7,1016.8,0,1.3,109,67.0,22.9
Practice 1,2025,5.303,4,Yuki TSUNODA,22,171.52445454545455,37.7,1016.8,0,1.3,109,67.0,22.9
Practice 1,2025,5.303,5,Lewis HAMILTON,44,195.65589473684207,37.7,1016.8,0,1.3,109,67.0,22.9
Practice 1,2025,5.303,6,Isack HADJAR,6,159.626125,37.7,1016.8,0,1.3,109,67.0,22.9
Practice 1,2025,5.303,7,Max VERSTAPPEN,1,185.2453,37.7,1016.8,0,1.3,109,67.0,22.9
Practice 1,2025,5.303,8,Nico HULKENBERG,27,227.20487500000002,37.7,1016.8,0,1.3,109,67.0,22.9
Practice 1,2025,5.303,9,Lance STROLL,18,199.29836842105263,37.7,1016.8,0,1.3,109,67.0,22.9
Practice 1,2025,5.303,10,George RUSSELL,63,148.73311999999999,37.7,1016.8,0,1.3,109,67.0,22.9
Practice 1,2025,5.303,11,Carlos SAINZ,55,151.16516666666666,37.7,1016.8,0,1.3,109,67.0,22.9
Practice 1,2025,5.303,12,Alexander ALBON,23,198.03370588235296,37.7,1016.8,0,1.3,109,67.0,22.9
Practice 1,2025,5.303,13,Fernando ALONSO,14,166.91404545454546,37.7,1016.8,0,1.3,109,67.0,22.9
Practice 1,2025,5.303,14,Jack DOOHAN,7,196.93789473684208,37.7,1016.8,0,1.3,109,67.0,22.9
Practice 1,2025,5.303,15,Pierre GASLY,10,172.86436363636363,37.7,1016.8,0,1.3,109,67.0,22.9
Practice 1,2025,5.303,16,Kimi ANTONELLI,12,155.2949583333333,37.7,1016.8,0,1.3,109,67.0,22.9
Practice 1,2025,5.303,17,Liam LAWSON,30,175.40266666666668,37.7,1016.8,0,1.3,109,67.0,22.9
Practice 1,2025,5.303,18,Gabriel BORTOLETO,5,181.97266666666667,37.7,1016.8,0,1.3,109,67.0,22.9
Practice 1,2025,5.303,19,Esteban OCON,31,238.8546,37.7,1016.8,0,1.3,109,67.0,22.9
Practice 1,2025,5.303,20,Oliver BEARMAN,87,191.238,37.7,1016.8,0,1.3,109,67.0,22.9
Practice 2,2025,5.303,1,Charles LECLERC,16,120.76003225806451,37.7,1016.8,0,1.3,109,67.0,22.9
Practice 2,2025,5.303,2,Oscar PIASTRI,81,129.60575862068973,37.7,1016.8,0,1.3,109,67.0,22.9
Practice 2,2025,5.303,3,Lando NORRIS,4,127.75506896551724,37.7,1016.8,0,1.3,109,67.0,22.9
Practice 2,2025,5.303,4,Yuki TSUNODA,22,135.92828571428575,37.7,1016.8,0,1.3,109,67.0,22.9
Practice 2,2025,5.303,5,Lewis HAMILTON,44,124.45253333333332,37.7,1016.8,0,1.3,109,67.0,22.9
Practice 2,2025,5.303,6,Isack HADJAR,6,128.63606896551727,37.7,1016.8,0,1.3,109,67.0,22.9
Practice 2,2025,5.303,7,Max VERSTAPPEN,1,179.27538095238094,37.7,1016.8,0,1.3,109,67.0,22.9
Practice 2,2025,5.303,8,Nico HULKENBERG,27,158.86352173913042,37.7,1016.8,0,1.3,109,67.0,22.9
Practice 2,2025,5.303,9,Lance STROLL,18,138.54255555555554,37.7,1016.8,0,1.3,109,67.0,22.9
Practice 2,2025,5.303,10,George RUSSELL,63,128.982,37.7,1016.8,0,1.3,109,67.0,22.9
Practice 2,2025,5.303,11,Carlos SAINZ,55,124.13793103448278,37.7,1016.8,0,1.3,109,67.0,22.9
Practice 2,2025,5.303,12,Alexander ALBON,23,131.59314814814817,37.7,1016.8,0,1.3,109,67.0,22.9
Practice 2,2025,5.303,13,Fernando ALONSO,14,142.64938461538466,37.7,1016.8,0,1.3,109,67.0,22.9
Practice 2,2025,5.303,14,Jack DOOHAN,7,127.94506896551727,37.7,1016.8,0,1.3,109,67.0,22.9
Practice 2,2025,5.303,15,Pierre GASLY,10,127.70172413793101,37.7,1016.8,0,1.3,109,67.0,22.9
Practice 2,2025,5.303,16,Kimi ANTONELLI,12,124.13623333333331,37.7,1016.8,0,1.3,109,67.0,22.9
Practice 2,2025,5.303,17,Liam LAWSON,30,129.79096551724137,37.7,1016.8,0,1.3,109,67.0,22.9
Practice 2,2025,5.303,18,Gabriel BORTOLETO,5,135.50496428571427,37.7,1016.8,0,1.3,109,67.0,22.9
Practice 2,2025,5.303,19,Esteban OCON,31,120.85526666666668,37.7,1016.8,0,1.3,109,67.0,22.9
Practice 3,2025,5.303,1,Oscar PIASTRI,81,249.50199999999998,40.4,1012.7,0,0.7,0,51.0,28.6
Practice 3,2025,5.303,2,George RUSSELL,63,155.60456250000001,40.4,1012.7,0,0.7,0,51.0,28.6
Practice 3,2025,5.303,3,Max VERSTAPPEN,1,164.58423529411763,40.4,1012.7,0,0.7,0,51.0,28.6
Practice 3,2025,5.303,4,Charles LECLERC,16,180.69285714285715,40.4,1012.7,0,0.7,0,51.0,28.6
Practice 3,2025,5.303,5,Kimi ANTONELLI,12,146.0073157894737,40.4,1012.7,0,0.7,0,51.0,28.6
Practice 3,2025,5.303,6,Carlos SAINZ,55,129.30722727272726,40.4,1012.7,0,0.7,0,51.0,28.6
Practice 3,2025,5.303,7,Alexander ALBON,23,127.99799999999998,40.4,1012.7,0,0.7,0,51.0,28.6
Practice 3,2025,5.303,8,Lewis HAMILTON,44,185.72330000000002,40.4,1012.7,0,0.7,0,51.0,28.6
Practice 3,2025,5.303,9,Yuki TSUNODA,22,232.72331250000002,40.4,1012.7,0,0.7,0,51.0,28.6
Practice 3,2025,5.303,10,Lando NORRIS,4,197.0133684210527,40.4,1012.7,0,0.7,0,51.0,28.6
Practice 3,2025,5.303,11,Gabriel BORTOLETO,5,161.60805882352938,40.4,1012.7,0,0.7,0,51.0,28.6
Practice 3,2025,5.303,12,Pierre GASLY,10,123.63657142857143,40.4,1012.7,0,0.7,0,51.0,28.6
Practice 3,2025,5.303,13,Isack HADJAR,6,223.65858823529413,40.4,1012.7,0,0.7,0,51.0,28.6
Practice 3,2025,5.303,14,Lance STROLL,18,148.69161904761907,40.4,1012.7,0,0.7,0,51.0,28.6
Practice 3,2025,5.303,15,Jack DOOHAN,7,186.25570588235294,40.4,1012.7,0,0.7,0,51.0,28.6
Practice 3,2025,5.303,16,Nico HULKENBERG,27,171.6872857142857,40.4,1012.7,0,0.7,0,51.0,28.6
Practice 3,2025,5.303,17,Fernando ALONSO,14,148.34314285714285,40.4,1012.7,0,0.7,0,51.0,28.6
Practice 3,2025,5.303,18,Esteban OCON,31,188.39376470588238,40.4,1012.7,0,0.7,0,51.0,28.6
Practice 3,2025,5.303,19,Oliver BEARMAN,87,0.0,40.4,1012.7,0,0.7,0,51.0,28.6
Practice 3,2025,5.303,20,Liam LAWSON,30,106.861,40.4,1012.7,0,0.7,0,51.0,28.6
Qualifying,2025,5.303,1,Lando NORRIS,4,178.92863157894735,40.7,1008.9,0,0.7,161,36.0,31.4
Qualifying,2025,5.303,2,Oscar PIASTRI,81,196.70194117647057,40.7,1008.9,0,0.7,161,36.0,31.4
Qualifying,2025,5.303,3,Max VERSTAPPEN,1,207.56293749999998,40.7,1008.9,0,0.7,161,36.0,31.4
Qualifying,2025,5.303,4,George RUSSELL,63,181.30773684210524,40.7,1008.9,0,0.7,161,36.0,31.4
Qualifying,2025,5.303,5,Yuki TSUNODA,22,191.93723529411767,40.7,1008.9,0,0.7,161,36.0,31.4
Qualifying,2025,5.303,6,Alexander ALBON,23,177.12415000000001,40.7,1008.9,0,0.7,161,36.0,31.4
Qualifying,2025,5.303,7,Charles LECLERC,16,178.95073684210524,40.7,1008.9,0,0.7,161,36.0,31.4
Qualifying,2025,5.303,8,Lewis HAMILTON,44,158.29118181818185,40.7,1008.9,0,0.7,161,36.0,31.4
Qualifying,2025,5.303,9,Pierre GASLY,10,174.08874999999998,40.7,1008.9,0,0.7,161,36.0,31.4
Qualifying,2025,5.303,10,Carlos SAINZ,55,178.97470000000004,40.7,1008.9,0,0.7,161,36.0,31.4
Qualifying,2025,5.303,11,Isack HADJAR,6,185.92527272727273,40.7,1008.9,0,0.7,161,36.0,31.4
Qualifying,2025,5.303,12,Fernando ALONSO,14,200.84058333333334,40.7,1008.9,0,0.7,161,36.0,31.4
Qualifying,2025,5.303,13,Lance STROLL,18,162.78278571428572,40.7,1008.9,0,0.7,161,36.0,31.4
Qualifying,2025,5.303,14,Jack DOOHAN,7,169.81771428571432,40.7,1008.9,0,0.7,161,36.0,31.4
Qualifying,2025,5.303,15,Gabriel BORTOLETO,5,186.85283333333334,40.7,1008.9,0,0.7,161,36.0,31.4
Qualifying,2025,5.303,16,Kimi ANTONELLI,12,116.13924999999999,40.7,1008.9,0,0.7,161,36.0,31.4
Qualifying,2025,5.303,17,Nico HULKENBERG,27,137.185,40.7,1008.9,0,0.7,161,36.0,31.4
Qualifying,2025,5.303,18,Liam LAWSON,30,142.119,40.7,1008.9,0,0.7,161,36.0,31.4
Qualifying,2025,5.303,19,Esteban OCON,31,140.53285714285715,40.7,1008.9,0,0.7,161,36.0,31.4
Race,2025,5.303,1,Lando NORRIS,4,104.46319230769232,18.7,1010.4,0,2.8,215,71.0,16.2
Race,2025,5.303,2,Max VERSTAPPEN,1,104.73774999999998,18.7,1010.4,0,2.8,215,71.0,16.2
Race,2025,5.303,3,George RUSSELL,63,104.79438461538462,18.7,1010.4,0,2.8,215,71.0,16.2
Race,2025,5.303,4,Alexander ALBON,23,104.404137254902,18.7,1010.4,0,2.8,215,71.0,16.2
Race,2025,5.303,5,Kimi ANTONELLI,12,104.63049999999998,18.7,1010.4,0,2.8,215,71.0,16.2
Race,2025,5.303,6,Lance STROLL,18,104.78234615384615,18.7,1010.4,0,2.8,215,71.0,16.2
Race,2025,5.303,7,Nico HULKENBERG,27,104.77163461538458,18.7,1010.4,0,2.8,215,71.0,16.2
Race,2025,5.303,8,Charles LECLERC,16,105.08378846153852,18.7,1010.4,0,2.8,215,71.0,16.2
Race,2025,5.303,9,Oscar PIASTRI,81,105.13503846153846,18.7,1010.4,0,2.8,215,71.0,16.2
Race,2025,5.303,10,Lewis HAMILTON,44,105.00740384615382,18.7,1010.4,0,2.8,215,71.0,16.2
Race,2025,5.303,11,Pierre GASLY,10,105.01899999999998,18.7,1010.4,0,2.8,215,71.0,16.2
Race,2025,5.303,12,Yuki TSUNODA,22,105.25442307692312,18.7,1010.4,0,2.8,215,71.0,16.2
Race,2025,5.303,12,Liam LAWSON,30,103.53238095238096,18.7,1010.4,0,2.8,215,71.0,16.2
Race,2025,5.303,13,Esteban OCON,31,104.86084615384615,18.7,1010.4,0,2.8,215,71.0,16.2
Race,2025,5.303,15,Oliver BEARMAN,87,105.10417307692306,18.7,1010.4,0,2.8,215,71.0,16.2
Race,2025,5.303,16,Gabriel BORTOLETO,5,0.0,18.7,1010.4,0,2.8,215,71.0,16.2
Race,2025,5.303,17,Fernando ALONSO,14,0.0,18.7,1010.4,0,2.8,215,71.0,16.2
Race,2025,5.303,18,Carlos SAINZ,55,0.0,18.7,1010.4,0,2.8,215,71.0,16.2
Race,2025,5.303,19,Isack HADJAR,6,0.0,18.7,1010.4,0,2.8,215,71.0,16.2
Race,2025,5.303,20,Jack DOOHAN,7,0.0,18.7,1010.4,0,2.8,215,71.0,16.2
Practice 1,2025,5.451,1,Lando NORRIS,4,167.44722727272728,39.1,1019.8,0,3.6,239,18.0,23.3
Practice 1,2025,5.451,2,Charles LECLERC,16,186.0163,39.1,1019.8,0,3.6,239,18.0,23.3
Practice 1,2025,5.451,3,Oscar PIASTRI,81,170.22113636363633,39.1,1019.8,0,3.6,239,18.0,23.3
Practice 1,2025,5.451,4,Lewis HAMILTON,44,182.83085714285713,39.1,1019.8,0,3.6,239,18.0,23.3
Practice 1,2025,5.451,5,George RUSSELL,63,148.52576000000002,39.1,1019.8,0,3.6,239,18.0,23.3
Practice 1,2025,5.451,6,Nico HULKENBERG,27,185.99219999999997,39.1,1019.8,0,3.6,239,18.0,23.3
Practice 1,2025,5.451,7,Alexander ALBON,23,163.60647826086958,39.1,1019.8,0,3.6,239,18.0,23.3
Practice 1,2025,5.451,8,Fernando ALONSO,14,169.9401428571429,39.1,1019.8,0,3.6,239,18.0,23.3
Practice 1,2025,5.451,9,Kimi ANTONELLI,12,144.38539999999998,39.1,1019.8,0,3.6,239,18.0,23.3
Practice 1,2025,5.451,10,Yuki TSUNODA,22,172.56581818181817,39.1,1019.8,0,3.6,239,18.0,23.3
Practice 1,2025,5.451,11,Oliver BEARMAN,87,173.26586363636363,39.1,1019.8,0,3.6,239,18.0,23.3
Practice 1,2025,5.451,12,Lance STROLL,18,191.30777777777777,39.1,1019.8,0,3.6,239,18.0,23.3
Practice 1,2025,5.451,13,Esteban OCON,31,173.84681818181818,39.1,1019.8,0,3.6,239,18.0,23.3
Practice 1,2025,5.451,14,Pierre GASLY,10,172.91590909090908,39.1,1019.8,0,3.6,239,18.0,23.3
Practice 1,2025,5.451,15,Carlos SAINZ,55,152.55919999999998,39.1,1019.8,0,3.6,239,18.0,23.3
Practice 1,2025,5.451,16,Max VERSTAPPEN,1,161.60995652173918,39.1,1019.8,0,3.6,239,18.0,23.3
Practice 1,2025,5.451,17,Isack HADJAR,6,173.55095454545454,39.1,1019.8,0,3.6,239,18.0,23.3
Practice 1,2025,5.451,18,Liam LAWSON,30,167.13659090909093,39.1,1019.8,0,3.6,239,18.0,23.3
Practice 1,2025,5.451,19,Gabriel BORTOLETO,5,162.65756521739132,39.1,1019.8,0,3.6,239,18.0,23.3
Practice 1,2025,5.451,20,Jack DOOHAN,7,169.18253333333334,39.1,1019.8,0,3.6,239,18.0,23.3
Qualifying,2025,5.451,1,Lewis HAMILTON,44,178.62214285714285,34.6,1017.9,0,1.5,242,13.0,24.6
Qualifying,2025,5.451,2,Max VERSTAPPEN,1,240.47836363636364,34.6,1017.9,0,1.5,242,13.0,24.6
Qualifying,2025,5.451,3,Oscar PIASTRI,81,204.41241666666667,34.6,1017.9,0,1.5,242,13.0,24.6
Qualifying,2025,5.451,4,Charles LECLERC,16,177.81342857142857,34.6,1017.9,0,1.5,242,13.0,24.6
Qualifying,2025,5.451,5,George RUSSELL,63,141.84294117647056,34.6,1017.9,0,1.5,242,13.0,24.6
Qualifying,2025,5.451,6,Lando NORRIS,4,195.59558333333334,34.6,1017.9,0,1.5,242,13.0,24.6
Qualifying,2025,5.451,7,Kimi ANTONELLI,12,150.811625,34.6,1017.9,0,1.5,242,13.0,24.6
Qualifying,2025,5.451,8,Yuki TSUNODA,22,244.86727272727273,34.6,1017.9,0,1.5,242,13.0,24.6
Qualifying,2025,5.451,9,Alexander ALBON,23,196.5200769230769,34.6,1017.9,0,1.5,242,13.0,24.6
Qualifying,2025,5.451,10,Lance STROLL,18,222.83763636363636,34.6,1017.9,0,1.5,242,13.0,24.6
Qualifying,2025,5.451,11,Fernando ALONSO,14,227.35728571428572,34.6,1017.9,0,1.5,242,13.0,24.6
Qualifying,2025,5.451,12,Oliver BEARMAN,87,212.24425000000002,34.6,1017.9,0,1.5,242,13.0,24.6
Qualifying,2025,5.451,13,Carlos SAINZ,55,183.98677777777777,34.6,1017.9,0,1.5,242,13.0,24.6
Qualifying,2025,5.451,14,Gabriel BORTOLETO,5,161.21400000000006,34.6,1017.9,0,1.5,242,13.0,24.6
Qualifying,2025,5.451,15,Isack HADJAR,6,226.0914285714286,34.6,1017.9,0,1.5,242,13.0,24.6
Qualifying,2025,5.451,16,Jack DOOHAN,7,111.1496,34.6,1017.9,0,1.5,242,13.0,24.6
Qualifying,2025,5.451,17,Pierre GASLY,10,112.9366,34.6,1017.9,0,1.5,242,13.0,24.6
Qualifying,2025,5.451,18,Esteban OCON,31,143.6906,34.6,1017.9,0,1.5,242,13.0,24.6
Qualifying,2025,5.451,19,Nico HULKENBERG,27,122.46880000000002,34.6,1017.9,0,1.5,242,13.0,24.6
Qualifying,2025,5.451,20,Liam LAWSON,30,119.89875,34.6,1017.9,0,1.5,242,13.0,24.6
Qualifying,2025,5.451,1,Lewis HAMILTON,44,96.50616666666667,34.6,1017.9,0,1.5,242,13.0,24.6
Qualifying,2025,5.451,2,Max VERSTAPPEN,1,96.59891666666668,34.6,1017.9,0,1.5,242,13.0,24.6
Qualifying,2025,5.451,3,Oscar PIASTRI,81,96.51875,34.6,1017.9,0,1.5,242,13.0,24.6
Qualifying,2025,5.451,4,George RUSSELL,63,96.80416666666666,34.6,1017.9,0,1.5,242,13.0,24.6
Qualifying,2025,5.451,5,Charles LECLERC,16,97.07975,34.6,1017.9,0,1.5,242,13.0,24.6
Qualifying,2025,5.451,6,Yuki TSUNODA,22,97.25599999999999,34.6,1017.9,0,1.5,242,13.0,24.6
Qualifying,2025,5.451,7,Kimi ANTONELLI,12,97.28049999999998,34.6,1017.9,0,1.5,242,13.0,24.6
Qualifying,2025,5.451,8,Lance STROLL,18,97.30041666666666,34.6,1017.9,0,1.5,242,13.0,24.6
Qualifying,2025,5.451,9,Lando NORRIS,4,97.43316666666665,34.6,1017.9,0,1.5,242,13.0,24.6
Qualifying,2025,5.451,10,Fernando ALONSO,14,98.0676923076923,34.6,1017.9,0,1.5,242,13.0,24.6
Qualifying,2025,5.451,11,Alexander ALBON,23,98.12830769230769,34.6,1017.9,0,1.5,242,13.0,24.6
Qualifying,2025,5.451,13,Pierre GASLY,10,98.41292307692308,34.6,1017.9,0,1.5,242,13.0,24.6
Qualifying,2025,5.451,14,Isack HADJAR,6,98.33630769230771,34.6,1017.9,0,1.5,242,13.0,24.6
Qualifying,2025,5.451,14,Liam LAWSON,30,98.39984615384614,34.6,1017.9,0,1.5,242,13.0,24.6
Qualifying,2025,5.451,15,Oliver BEARMAN,87,98.37223076923077,34.6,1017.9,0,1.5,242,13.0,24.6
Qualifying,2025,5.451,16,Esteban OCON,31,98.66584615384616,34.6,1017.9,0,1.5,242,13.0,24.6
Qualifying,2025,5.451,17,Carlos SAINZ,55,99.99592307692309,34.6,1017.9,0,1.5,242,13.0,24.6
Qualifying,2025,5.451,18,Gabriel BORTOLETO,5,99.32123076923077,34.6,1017.9,0,1.5,242,13.0,24.6
Qualifying,2025,5.451,19,Nico HULKENBERG,27,99.139,34.6,1017.9,0,1.5,242,13.0,24.6
Qualifying,2025,5.451,20,Jack DOOHAN,7,99.66807692307694,34.6,1017.9,0,1.5,242,13.0,24.6
Qualifying,2025,5.451,1,Oscar PIASTRI,81,183.56089473684207,36.1,1014.9,0,2.6,252,14.0,26.0
Qualifying,2025,5.451,2,George RUSSELL,63,165.28523809523807,36.1,1014.9,0,2.6,252,14.0,26.0
Qualifying,2025,5.451,3,Lando NORRIS,4,211.4254375,36.1,1014.9,0,2.6,252,14.0,26.0
Qualifying,2025,5.451,4,Max VERSTAPPEN,1,235.87550000000002,36.1,1014.9,0,2.6,252,14.0,26.0
Qualifying,2025,5.451,5,Lewis HAMILTON,44,176.81115789473682,36.1,1014.9,0,2.6,252,14.0,26.0
Qualifying,2025,5.451,6,Charles LECLERC,16,179.08478947368417,36.1,1014.9,0,2.6,252,14.0,26.0
Qualifying,2025,5.451,7,Isack HADJAR,6,189.97838888888887,36.1,1014.9,0,2.6,252,14.0,26.0
Qualifying,2025,5.451,8,Kimi ANTONELLI,12,161.47228571428573,36.1,1014.9,0,2.6,252,14.0,26.0
Qualifying,2025,5.451,9,Yuki TSUNODA,22,194.98627777777781,36.1,1014.9,0,2.6,252,14.0,26.0
Qualifying,2025,5.451,10,Alexander ALBON,23,180.06310526315787,36.1,1014.9,0,2.6,252,14.0,26.0
Qualifying,2025,5.451,11,Esteban OCON,31,165.79942857142854,36.1,1014.9,0,2.6,252,14.0,26.0
Qualifying,2025,5.451,12,Nico HULKENBERG,27,166.19628571428572,36.1,1014.9,0,2.6,252,14.0,26.0
Qualifying,2025,5.451,13,Fernando ALONSO,14,172.70299999999997,36.1,1014.9,0,2.6,252,14.0,26.0
Qualifying,2025,5.451,14,Lance STROLL,18,173.05214285714285,36.1,1014.9,0,2.6,252,14.0,26.0
Qualifying,2025,5.451,15,Carlos SAINZ,55,172.0292857142857,36.1,1014.9,0,2.6,252,14.0,26.0
Qualifying,2025,5.451,16,Pierre GASLY,10,137.575375,36.1,1014.9,0,2.6,252,14.0,26.0
Qualifying,2025,5.451,17,Oliver BEARMAN,87,150.77771428571432,36.1,1014.9,0,2.6,252,14.0,26.0
Qualifying,2025,5.451,18,Jack DOOHAN,7,157.29099999999997,36.1,1014.9,0,2.6,252,14.0,26.0
Qualifying,2025,5.451,19,Gabriel BORTOLETO,5,138.070875,36.1,1014.9,0,2.6,252,14.0,26.0
Qualifying,2025,5.451,20,Liam LAWSON,30,154.18985714285716,36.1,1014.9,0,2.6,252,14.0,26.0
Race,2025,5.451,1,Oscar PIASTRI,81,97.39421818181818,30.5,1010.1,0,2.1,238,22.0,26.4
Race,2025,5.451,2,Lando NORRIS,4,97.55465454545451,30.5,1010.1,0,2.1,238,22.0,26.4
Race,2025,5.451,3,George RUSSELL,63,97.56074545454545,30.5,1010.1,0,2.1,238,22.0,26.4
Race,2025,5.451,4,Max VERSTAPPEN,1,97.62605454545451,30.5,1010.1,0,2.1,238,22.0,26.4
Race,2025,5.451,5,Charles LECLERC,16,97.75407272727273,30.5,1010.1,0,2.1,238,22.0,26.4
Race,2025,5.451,6,Lewis HAMILTON,44,97.81118181818184,30.5,1010.1,0,2.1,238,22.0,26.4
Race,2025,5.451,7,Esteban OCON,31,98.18480000000002,30.5,1010.1,0,2.1,238,22.0,26.4
Race,2025,5.451,8,Kimi ANTONELLI,12,98.28665454545452,30.5,1010.1,0,2.1,238,22.0,26.4
Race,2025,5.451,9,Alexander ALBON,23,98.29225454545453,30.5,1010.1,0,2.1,238,22.0,26.4
Race,2025,5.451,10,Oliver BEARMAN,87,98.33894545454545,30.5,1010.1,0,2.1,238,22.0,26.4
Race,2025,5.451,11,Pierre GASLY,10,98.47601818181822,30.5,1010.1,0,2.1,238,22.0,26.4
Race,2025,5.451,12,Lance STROLL,18,98.5197090909091,30.5,1010.1,0,2.1,238,22.0,26.4
Race,2025,5.451,13,Carlos SAINZ,55,98.6200181818182,30.5,1010.1,0,2.1,238,22.0,26.4
Race,2025,5.451,14,Isack HADJAR,6,98.72190909090905,30.5,1010.1,0,2.1,238,22.0,26.4
Race,2025,5.451,15,Liam LAWSON,30,98.67718181818182,30.5,1010.1,0,2.1,238,22.0,26.4
Race,2025,5.451,16,Jack DOOHAN,7,98.64587272727267,30.5,1010.1,0,2.1,238,22.0,26.4
Race,2025,5.451,17,Gabriel BORTOLETO,5,98.92824074074075,30.5,1010.1,0,2.1,238,22.0,26.4
Race,2025,5.451,18,Nico HULKENBERG,27,99.35846296296296,30.5,1010.1,0,2.1,238,22.0,26.4
Race,2025,5.451,19,Yuki TSUNODA,22,99.53483333333335,30.5,1010.1,0,2.1,238,22.0,26.4
Race,2025,5.451,20,Fernando ALONSO,14,113.271,30.5,1010.1,0,2.1,238,22.0,26.4
Practice 1,2025,5.807,1,Lando NORRIS,4,156.9481739130435,36.7,1011.3,0,5.2,285,41.0,14.0
Practice 1,2025,5.807,2,George RUSSELL,63,132.37835714285714,36.7,1011.3,0,5.2,285,41.0,14.0
Practice 1,2025,5.807,3,Charles LECLERC,16,148.3982307692308,36.7,1011.3,0,5.2,285,41.0,14.0
Practice 1,2025,5.807,4,Lewis HAMILTON,44,158.23337500000002,36.7,1011.3,0,5.2,285,41.0,14.0
Practice 1,2025,5.807,5,Max VERSTAPPEN,1,169.98690909090908,36.7,1011.3,0,5.2,285,41.0,14.0
Practice 1,2025,5.807,6,Yuki TSUNODA,22,157.21183333333332,36.7,1011.3,0,5.2,285,41.0,14.0
Practice 1,2025,5.807,7,Fernando ALONSO,14,153.23387499999998,36.7,1011.3,0,5.2,285,41.0,14.0
Practice 1,2025,5.807,8,Isack HADJAR,6,139.67722222222224,36.7,1011.3,0,5.2,285,41.0,14.0
Practice 1,2025,5.807,9,Kimi ANTONELLI,12,136.8520370370371,36.7,1011.3,0,5.2,285,41.0,14.0
Practice 1,2025,5.807,10,Carlos SAINZ,55,140.09766666666667,36.7,1011.3,0,5.2,285,41.0,14.0
Practice 1,2025,5.807,11,Alexander ALBON,23,154.26083333333335,36.7,1011.3,0,5.2,285,41.0,14.0
Practice 1,2025,5.807,12,Ryo HIRAKAWA,62,160.4245652173913,36.7,1011.3,0,5.2,285,41.0,14.0
Practice 1,2025,5.807,13,Liam LAWSON,30,141.8434814814815,36.7,1011.3,0,5.2,285,41.0,14.0
Practice 1,2025,5.807,14,Pierre GASLY,10,159.4131363636364,36.7,1011.3,0,5.2,285,41.0,14.0
Practice 1,2025,5.807,15,Oscar PIASTRI,81,158.34116666666668,36.7,1011.3,0,5.2,285,41.0,14.0
Practice 1,2025,5.807,16,Lance STROLL,18,152.484,36.7,1011.3,0,5.2,285,41.0,14.0
Practice 1,2025,5.807,17,Nico HULKENBERG,27,187.92220000000003,36.7,1011.3,0,5.2,285,41.0,14.0
Practice 1,2025,5.807,18,Oliver BEARMAN,87,237.552875,36.7,1011.3,0,5.2,285,41.0,14.0
Practice 1,2025,5.807,19,Esteban OCON,31,184.03834999999998,36.7,1011.3,0,5.2,285,41.0,14.0
Practice 1,2025,5.807,20,Gabriel BORTOLETO,5,147.45344,36.7,1011.3,0,5.2,285,41.0,14.0
Practice 2,2025,5.807,1,Oscar PIASTRI,81,412.981375,37.9,1015.3,0,3.1,164,40.0,13.9
Practice 2,2025,5.807,2,Lando NORRIS,4,451.17471428571434,37.9,1015.3,0,3.1,164,40.0,13.9
Practice 2,2025,5.807,3,Isack HADJAR,6,475.958,37.9,1015.3,0,3.1,164,40.0,13.9
Practice 2,2025,5.807,4,Lewis HAMILTON,44,375.05933333333337,37.9,1015.3,0,3.1,164,40.0,13.9
Practice 2,2025,5.807,5,Liam LAWSON,30,424.7986250000001,37.9,1015.3,0,3.1,164,40.0,13.9
Practice 2,2025,5.807,6,George RUSSELL,63,412.99887500000006,37.9,1015.3,0,3.1,164,40.0,13.9
Practice 2,2025,5.807,7,Charles LECLERC,16,374.3947777777778,37.9,1015.3,0,3.1,164,40.0,13.9
Practice 2,2025,5.807,8,Max VERSTAPPEN,1,774.84525,37.9,1015.3,0,3.1,164,40.0,13.9
Practice 2,2025,5.807,9,Pierre GASLY,10,427.36724999999996,37.9,1015.3,0,3.1,164,40.0,13.9
Practice 2,2025,5.807,10,Carlos SAINZ,55,664.4376,37.9,1015.3,0,3.1,164,40.0,13.9
Practice 2,2025,5.807,11,Alexander ALBON,23,572.0398333333334,37.9,1015.3,0,3.1,164,40.0,13.9
Practice 2,2025,5.807,12,Nico HULKENBERG,27,481.324,37.9,1015.3,0,3.1,164,40.0,13.9
Practice 2,2025,5.807,13,Gabriel BORTOLETO,5,426.53324999999995,37.9,1015.3,0,3.1,164,40.0,13.9
Practice 2,2025,5.807,14,Esteban OCON,31,417.8572500000001,37.9,1015.3,0,3.1,164,40.0,13.9
Practice 2,2025,5.807,15,Oliver BEARMAN,87,672.8268,37.9,1015.3,0,3.1,164,40.0,13.9
Practice 2,2025,5.807,16,Kimi ANTONELLI,12,416.453875,37.9,1015.3,0,3.1,164,40.0,13.9
Practice 2,2025,5.807,17,Fernando ALONSO,14,888.2845,37.9,1015.3,0,3.1,164,40.0,13.9
Practice 2,2025,5.807,18,Yuki TSUNODA,22,478.40257142857143,37.9,1015.3,0,3.1,164,40.0,13.9
Practice 2,2025,5.807,19,Lance STROLL,18,467.8187142857142,37.9,1015.3,0,3.1,164,40.0,13.9
Practice 2,2025,5.807,20,Jack DOOHAN,7,119.95500000000001,37.9,1015.3,0,3.1,164,40.0,13.9
Practice 3,2025,5.807,1,Lando NORRIS,4,195.12066666666666,39.2,1014.9,0,2.8,139,36.0,14.6
Practice 3,2025,5.807,2,Oscar PIASTRI,81,196.35819999999998,39.2,1014.9,0,2.8,139,36.0,14.6
Practice 3,2025,5.807,3,George RUSSELL,63,235.0080769230769,39.2,1014.9,0,2.8,139,36.0,14.6
Practice 3,2025,5.807,4,Charles LECLERC,16,202.7294545454545,39.2,1014.9,0,2.8,139,36.0,14.6
Practice 3,2025,5.807,5,Max VERSTAPPEN,1,169.62116666666668,39.2,1014.9,0,2.8,139,36.0,14.6
Practice 3,2025,5.807,6,Lewis HAMILTON,44,197.22639999999996,39.2,1014.9,0,2.8,139,36.0,14.6
Practice 3,2025,5.807,7,Alexander ALBON,23,127.11668750000001,39.2,1014.9,0,2.8,139,36.0,14.6
Practice 3,2025,5.807,8,Pierre GASLY,10,162.15892307692306,39.2,1014.9,0,2.8,139,36.0,14.6
Practice 3,2025,5.807,9,Yuki TSUNODA,22,202.93315384615383,39.2,1014.9,0,2.8,139,36.0,14.6
Practice 3,2025,5.807,10,Isack HADJAR,6,199.94433333333333,39.2,1014.9,0,2.8,139,36.0,14.6
Practice 3,2025,5.807,11,Carlos SAINZ,55,151.066,39.2,1014.9,0,2.8,139,36.0,14.6
Practice 3,2025,5.807,12,Liam LAWSON,30,168.47722222222217,39.2,1014.9,0,2.8,139,36.0,14.6
Practice 3,2025,5.807,13,Kimi ANTONELLI,12,177.28047058823532,39.2,1014.9,0,2.8,139,36.0,14.6
Practice 3,2025,5.807,14,Jack DOOHAN,7,251.60308333333333,39.2,1014.9,0,2.8,139,36.0,14.6
Practice 3,2025,5.807,15,Fernando ALONSO,14,171.11446666666663,39.2,1014.9,0,2.8,139,36.0,14.6
Practice 3,2025,5.807,16,Oliver BEARMAN,87,197.87879999999998,39.2,1014.9,0,2.8,139,36.0,14.6
Practice 3,2025,5.807,17,Gabriel BORTOLETO,5,268.69745454545455,39.2,1014.9,0,2.8,139,36.0,14.6
Practice 3,2025,5.807,18,Esteban OCON,31,152.27921428571432,39.2,1014.9,0,2.8,139,36.0,14.6
Practice 3,2025,5.807,19,Lance STROLL,18,180.51757142857142,39.2,1014.9,0,2.8,139,36.0,14.6
Practice 3,2025,5.807,20,Nico HULKENBERG,27,211.23621428571428,39.2,1014.9,0,2.8,139,36.0,14.6
Qualifying,2025,5.807,1,Max VERSTAPPEN,1,246.59087499999998,28.6,1013.1,0,2.9,143,61.0,14.3
Qualifying,2025,5.807,2,Lando NORRIS,4,285.45642857142855,28.6,1013.1,0,2.9,143,61.0,14.3
Qualifying,2025,5.807,3,Oscar PIASTRI,81,245.82106250000004,28.6,1013.1,0,2.9,143,61.0,14.3
Qualifying,2025,5.807,4,Charles LECLERC,16,206.57489473684208,28.6,1013.1,0,2.9,143,61.0,14.3
Qualifying,2025,5.807,5,George RUSSELL,63,264.74235714285714,28.6,1013.1,0,2.9,143,61.0,14.3
Qualifying,2025,5.807,6,Kimi ANTONELLI,12,245.91573333333335,28.6,1013.1,0,2.9,143,61.0,14.3
Qualifying,2025,5.807,7,Isack HADJAR,6,243.38286666666667,28.6,1013.1,0,2.9,143,61.0,14.3
Qualifying,2025,5.807,8,Lewis HAMILTON,44,185.63904761904763,28.6,1013.1,0,2.9,143,61.0,14.3
Qualifying,2025,5.807,9,Alexander ALBON,23,228.21882352941174,28.6,1013.1,0,2.9,143,61.0,14.3
Qualifying,2025,5.807,10,Oliver BEARMAN,87,205.92536842105264,28.6,1013.1,0,2.9,143,61.0,14.3
Qualifying,2025,5.807,11,Pierre GASLY,10,228.60154545454552,28.6,1013.1,0,2.9,143,61.0,14.3
Qualifying,2025,5.807,12,Carlos SAINZ,55,216.31338461538462,28.6,1013.1,0,2.9,143,61.0,14.3
Qualifying,2025,5.807,13,Fernando ALONSO,14,256.2654,28.6,1013.1,0,2.9,143,61.0,14.3
Qualifying,2025,5.807,14,Liam LAWSON,30,223.39227272727268,28.6,1013.1,0,2.9,143,61.0,14.3
Qualifying,2025,5.807,15,Yuki TSUNODA,22,236.6817272727273,28.6,1013.1,0,2.9,143,61.0,14.3
Qualifying,2025,5.807,16,Nico HULKENBERG,27,135.852375,28.6,1013.1,0,2.9,143,61.0,14.3
Qualifying,2025,5.807,17,Gabriel BORTOLETO,5,137.198,28.6,1013.1,0,2.9,143,61.0,14.3
Qualifying,2025,5.807,18,Esteban OCON,31,138.4335,28.6,1013.1,0,2.9,143,61.0,14.3
Qualifying,2025,5.807,19,Jack DOOHAN,7,134.42374999999998,28.6,1013.1,0,2.9,143,61.0,14.3
Qualifying,2025,5.807,20,Lance STROLL,18,193.16449999999998,28.6,1013.1,0,2.9,143,61.0,14.3
Race,2025,5.807,1,Max VERSTAPPEN,1,92.9410652173913,19.0,1008.9,0,1.2,334,77.0,14.6
Race,2025,5.807,2,Lando NORRIS,4,92.94845652173913,19.0,1008.9,0,1.2,334,77.0,14.6
Race,2025,5.807,3,Oscar PIASTRI,81,92.94432608695651,19.0,1008.9,0,1.2,334,77.0,14.6
Race,2025,5.807,4,Charles LECLERC,16,93.20582608695656,19.0,1008.9,0,1.2,334,77.0,14.6
Race,2025,5.807,5,George RUSSELL,63,93.18408510638298,19.0,1008.9,0,1.2,334,77.0,14.6
Race,2025,5.807,6,Kimi ANTONELLI,12,93.16893478260869,19.0,1008.9,0,1.2,334,77.0,14.6
Race,2025,5.807,7,Lewis HAMILTON,44,93.3725,19.0,1008.9,0,1.2,334,77.0,14.6
Race,2025,5.807,8,Isack HADJAR,6,93.5226304347826,19.0,1008.9,0,1.2,334,77.0,14.6
Race,2025,5.807,9,Alexander ALBON,23,93.5813695652174,19.0,1008.9,0,1.2,334,77.0,14.6
Race,2025,5.807,10,Oliver BEARMAN,87,93.8395652173913,19.0,1008.9,0,1.2,334,77.0,14.6
Race,2025,5.807,11,Fernando ALONSO,14,93.86756521739132,19.0,1008.9,0,1.2,334,77.0,14.6
Race,2025,5.807,12,Yuki TSUNODA,22,93.86984782608694,19.0,1008.9,0,1.2,334,77.0,14.6
Race,2025,5.807,13,Pierre GASLY,10,93.95460869565215,19.0,1008.9,0,1.2,334,77.0,14.6
Race,2025,5.807,14,Carlos SAINZ,55,94.15545652173913,19.0,1008.9,0,1.2,334,77.0,14.6
Race,2025,5.807,15,Jack DOOHAN,7,94.23741304347824,19.0,1008.9,0,1.2,334,77.0,14.6
Race,2025,5.807,15,Nico HULKENBERG,27,94.29454347826086,19.0,1008.9,0,1.2,334,77.0,14.6
Race,2025,5.807,17,Liam LAWSON,30,94.3469347826087,19.0,1008.9,0,1.2,334,77.0,14.6
Race,2025,5.807,18,Esteban OCON,31,94.38324444444447,19.0,1008.9,0,1.2,334,77.0,14.6
Race,2025,5.807,19,Gabriel BORTOLETO,5,94.3398,19.0,1008.9,0,1.2,334,77.0,14.6
Race,2025,5.807,19,Lance STROLL,18,94.34604444444447,19.0,1008.9,0,1.2,334,77.0,14.6
Practice 1,2025,5.412,1,Lando NORRIS,4,165.2360909090909,45.9,1001.2,0,2.5,19,17.0,35.4
Practice 1,2025,5.412,2,Pierre GASLY,10,170.5511818181819,45.9,1001.2,0,2.5,19,17.0,35.4
Practice 1,2025,5.412,3,Lewis HAMILTON,44,170.72504545454544,45.9,1001.2,0,2.5,19,17.0,35.4
Practice 1,2025,5.412,4,Alexander ALBON,23,161.46382608695654,45.9,1001.2,0,2.5,19,17.0,35.4
Practice 1,2025,5.412,5,Esteban OCON,31,211.44872222222222,45.9,1001.2,0,2.5,19,17.0,35.4
Practice 1,2025,5.412,6,Nico HULKENBERG,27,160.7445652173913,45.9,1001.2,0,2.5,19,17.0,35.4
Practice 1,2025,5.412,7,Jack DOOHAN,7,170.65631818181816,45.9,1001.2,0,2.5,19,17.0,35.4
Practice 1,2025,5.412,8,Liam LAWSON,30,172.0995,45.9,1001.2,0,2.5,19,17.0,35.4
Practice 1,2025,5.412,9,Yuki TSUNODA,22,167.5364090909091,45.9,1001.2,0,2.5,19,17.0,35.4
Practice 1,2025,5.412,10,Oscar PIASTRI,81,154.2439583333333,45.9,1001.2,0,2.5,19,17.0,35.4
Practice 1,2025,5.412,11,Gabriel BORTOLETO,5,169.85645454545454,45.9,1001.2,0,2.5,19,17.0,35.4
Practice 1,2025,5.412,12,Isack HADJAR,6,176.81023809523816,45.9,1001.2,0,2.5,19,17.0,35.4
Practice 1,2025,5.412,13,Luke BROWNING,46,202.39684210526312,45.9,1001.2,0,2.5,19,17.0,35.4
Practice 1,2025,5.412,14,Dino BEGANOVIC,38,197.76852631578944,45.9,1001.2,0,2.5,19,17.0,35.4
Practice 1,2025,5.412,15,Lance STROLL,18,167.33818181818185,45.9,1001.2,0,2.5,19,17.0,35.4
Practice 1,2025,5.412,16,Felipe DRUGOVICH,34,191.31966666666665,45.9,1001.2,0,2.5,19,17.0,35.4
Practice 1,2025,5.412,17,Ryo HIRAKAWA,50,202.34563157894735,45.9,1001.2,0,2.5,19,17.0,35.4
Practice 1,2025,5.412,18,Frederik VESTI,72,151.24527999999998,45.9,1001.2,0,2.5,19,17.0,35.4
Practice 1,2025,5.412,19,Ayumu IWASA,37,181.21378947368422,45.9,1001.2,0,2.5,19,17.0,35.4
Practice 1,2025,5.412,20,Kimi ANTONELLI,12,146.636,45.9,1001.2,0,2.5,19,17.0,35.4
Practice 2,2025,5.412,1,Oscar PIASTRI,81,131.627,33.7,1002.3,0,0.8,9,49.0,29.1
Practice 2,2025,5.412,2,Lando NORRIS,4,135.24788888888892,33.7,1002.3,0,0.8,9,49.0,29.1
Practice 2,2025,5.412,3,George RUSSELL,63,149.45362500000002,33.7,1002.3,0,0.8,9,49.0,29.1
Practice 2,2025,5.412,4,Charles LECLERC,16,147.85253846153844,33.7,1002.3,0,0.8,9,49.0,29.1
Practice 2,2025,5.412,5,Kimi ANTONELLI,12,144.12973076923075,33.7,1002.3,0,0.8,9,49.0,29.1
Practice 2,2025,5.412,6,Isack HADJAR,6,158.16234782608694,33.7,1002.3,0,0.8,9,49.0,29.1
Practice 2,2025,5.412,7,Max VERSTAPPEN,1,142.68657692307693,33.7,1002.3,0,0.8,9,49.0,29.1
Practice 2,2025,5.412,8,Lewis HAMILTON,44,171.98104545454547,33.7,1002.3,0,0.8,9,49.0,29.1
Practice 2,2025,5.412,9,Oliver BEARMAN,87,144.3841153846154,33.7,1002.3,0,0.8,9,49.0,29.1
Practice 2,2025,5.412,10,Carlos SAINZ,55,140.68555555555557,33.7,1002.3,0,0.8,9,49.0,29.1
Practice 2,2025,5.412,11,Alexander ALBON,23,131.2095357142857,33.7,1002.3,0,0.8,9,49.0,29.1
Practice 2,2025,5.412,12,Liam LAWSON,30,145.38819230769226,33.7,1002.3,0,0.8,9,49.0,29.1
Practice 2,2025,5.412,13,Gabriel BORTOLETO,5,158.22129166666664,33.7,1002.3,0,0.8,9,49.0,29.1
Practice 2,2025,5.412,14,Jack DOOHAN,7,143.64626923076926,33.7,1002.3,0,0.8,9,49.0,29.1
Practice 2,2025,5.412,15,Fernando ALONSO,14,199.57994444444444,33.7,1002.3,0,0.8,9,49.0,29.1
Practice 2,2025,5.412,16,Esteban OCON,31,146.37384615384616,33.7,1002.3,0,0.8,9,49.0,29.1
Practice 2,2025,5.412,17,Pierre GASLY,10,144.26157692307694,33.7,1002.3,0,0.8,9,49.0,29.1
Practice 2,2025,5.412,18,Yuki TSUNODA,22,156.93708333333333,33.7,1002.3,0,0.8,9,49.0,29.1
Practice 2,2025,5.412,19,Lance STROLL,18,143.16919230769233,33.7,1002.3,0,0.8,9,49.0,29.1
Practice 2,2025,5.412,20,Nico HULKENBERG,27,166.22539130434782,33.7,1002.3,0,0.8,9,49.0,29.1
Practice 3,2025,5.412,1,Oscar PIASTRI,81,218.24483333333333,39.3,1001.7,0,3.4,11,47.0,29.8
Practice 3,2025,5.412,2,Lando NORRIS,4,169.00294117647059,39.3,1001.7,0,3.4,11,47.0,29.8
Practice 3,2025,5.412,3,Charles LECLERC,16,178.49672222222225,39.3,1001.7,0,3.4,11,47.0,29.8
Practice 3,2025,5.412,4,George RUSSELL,63,184.6938181818182,39.3,1001.7,0,3.4,11,47.0,29.8
Practice 3,2025,5.412,5,Kimi ANTONELLI,12,212.95309090909095,39.3,1001.7,0,3.4,11,47.0,29.8
Practice 3,2025,5.412,6,Pierre GASLY,10,186.1121875,39.3,1001.7,0,3.4,11,47.0,29.8
Practice 3,2025,5.412,7,Isack HADJAR,6,172.09485714285714,39.3,1001.7,0,3.4,11,47.0,29.8
Practice 3,2025,5.412,8,Max VERSTAPPEN,1,235.20041666666665,39.3,1001.7,0,3.4,11,47.0,29.8
Practice 3,2025,5.412,9,Carlos SAINZ,55,185.93657142857145,39.3,1001.7,0,3.4,11,47.0,29.8
Practice 3,2025,5.412,10,Lewis HAMILTON,44,207.36176470588234,39.3,1001.7,0,3.4,11,47.0,29.8
Practice 3,2025,5.412,11,Esteban OCON,31,229.18193750000006,39.3,1001.7,0,3.4,11,47.0,29.8
Practice 3,2025,5.412,12,Jack DOOHAN,7,190.65374999999997,39.3,1001.7,0,3.4,11,47.0,29.8
Practice 3,2025,5.412,13,Liam LAWSON,30,180.87123076923075,39.3,1001.7,0,3.4,11,47.0,29.8
Practice 3,2025,5.412,14,Fernando ALONSO,14,157.0219411764706,39.3,1001.7,0,3.4,11,47.0,29.8
Practice 3,2025,5.412,15,Alexander ALBON,23,170.07026666666667,39.3,1001.7,0,3.4,11,47.0,29.8
Practice 3,2025,5.412,16,Oliver BEARMAN,87,219.46688235294116,39.3,1001.7,0,3.4,11,47.0,29.8
Practice 3,2025,5.412,17,Lance STROLL,18,186.42707142857142,39.3,1001.7,0,3.4,11,47.0,29.8
Practice 3,2025,5.412,18,Gabriel BORTOLETO,5,194.76406666666668,39.3,1001.7,0,3.4,11,47.0,29.8
Practice 3,2025,5.412,19,Nico HULKENBERG,27,124.63019999999999,39.3,1001.7,0,3.4,11,47.0,29.8
Practice 3,2025,5.412,20,Yuki TSUNODA,22,210.46528571428573,39.3,1001.7,0,3.4,11,47.0,29.8
Qualifying,2025,5.412,1,Oscar PIASTRI,81,298.36323076923077,30.6,1004.6,0,2.5,17,53.0,26.6
Qualifying,2025,5.412,2,George RUSSELL,63,209.66394444444447,30.6,1004.6,0,2.5,17,53.0,26.6
Qualifying,2025,5.412,3,Charles LECLERC,16,275.1797857142858,30.6,1004.6,0,2.5,17,53.0,26.6
Qualifying,2025,5.412,4,Kimi ANTONELLI,12,214.17217647058825,30.6,1004.6,0,2.5,17,53.0,26.6
Qualifying,2025,5.412,5,Pierre GASLY,10,240.27168749999998,30.6,1004.6,0,2.5,17,53.0,26.6
Qualifying,2025,5.412,6,Lando NORRIS,4,249.57826666666668,30.6,1004.6,0,2.5,17,53.0,26.6
Qualifying,2025,5.412,7,Max VERSTAPPEN,1,277.54435714285717,30.6,1004.6,0,2.5,17,53.0,26.6
Qualifying,2025,5.412,8,Carlos SAINZ,55,239.9481875,30.6,1004.6,0,2.5,17,53.0,26.6
Qualifying,2025,5.412,9,Lewis HAMILTON,44,249.67806666666664,30.6,1004.6,0,2.5,17,53.0,26.6
Qualifying,2025,5.412,10,Yuki TSUNODA,22,271.73192857142857,30.6,1004.6,0,2.5,17,53.0,26.6
Qualifying,2025,5.412,11,Jack DOOHAN,7,245.62545454545455,30.6,1004.6,0,2.5,17,53.0,26.6
Qualifying,2025,5.412,12,Isack HADJAR,6,258.68350000000004,30.6,1004.6,0,2.5,17,53.0,26.6
Qualifying,2025,5.412,13,Fernando ALONSO,14,219.37223076923075,30.6,1004.6,0,2.5,17,53.0,26.6
Qualifying,2025,5.412,14,Esteban OCON,31,187.66916666666665,30.6,1004.6,0,2.5,17,53.0,26.6
Qualifying,2025,5.412,15,Alexander ALBON,23,177.22,30.6,1004.6,0,2.5,17,53.0,26.6
Qualifying,2025,5.412,16,Nico HULKENBERG,27,193.61453333333333,30.6,1004.6,0,2.5,17,53.0,26.6
Qualifying,2025,5.412,17,Liam LAWSON,30,168.1828,30.6,1004.6,0,2.5,17,53.0,26.6
Qualifying,2025,5.412,18,Gabriel BORTOLETO,5,142.5458,30.6,1004.6,0,2.5,17,53.0,26.6
Qualifying,2025,5.412,19,Lance STROLL,18,131.3025,30.6,1004.6,0,2.5,17,53.0,26.6
Qualifying,2025,5.412,20,Oliver BEARMAN,87,152.8438,30.6,1004.6,0,2.5,17,53.0,26.6
Race,2025,5.412,1,Oscar PIASTRI,81,99.71162,30.2,1008.4,0,1.9,27,42.0,26.9
Race,2025,5.412,2,George RUSSELL,63,100.43983673469388,30.2,1008.4,0,1.9,27,42.0,26.9
Race,2025,5.412,3,Lando NORRIS,4,100.48065306122449,30.2,1008.4,0,1.9,27,42.0,26.9
Race,2025,5.412,4,Charles LECLERC,16,99.97899999999997,30.2,1008.4,0,1.9,27,42.0,26.9
Race,2025,5.412,5,Lewis HAMILTON,44,100.10128571428572,30.2,1008.4,0,1.9,27,42.0,26.9
Race,2025,5.412,6,Max VERSTAPPEN,1,100.76472000000001,30.2,1008.4,0,1.9,27,42.0,26.9
Race,2025,5.412,7,Pierre GASLY,10,100.7955,30.2,1008.4,0,1.9,27,42.0,26.9
Race,2025,5.412,8,Esteban OCON,31,100.88860000000001,30.2,1008.4,0,1.9,27,42.0,26.9
Race,2025,5.412,9,Yuki TSUNODA,22,101.02909999999999,30.2,1008.4,0,1.9,27,42.0,26.9
Race,2025,5.412,10,Oliver BEARMAN,87,100.70087999999998,30.2,1008.4,0,1.9,27,42.0,26.9
Race,2025,5.412,11,Kimi ANTONELLI,12,101.14050000000002,30.2,1008.4,0,1.9,27,42.0,26.9
Race,2025,5.412,12,Alexander ALBON,23,100.57583999999999,30.2,1008.4,0,1.9,27,42.0,26.9
Race,2025,5.412,13,Nico HULKENBERG,27,101.28366,30.2,1008.4,0,1.9,27,42.0,26.9
Race,2025,5.412,14,Isack HADJAR,6,101.33031999999999,30.2,1008.4,0,1.9,27,42.0,26.9
Race,2025,5.412,15,Jack DOOHAN,7,101.12164000000001,30.2,1008.4,0,1.9,27,42.0,26.9
Race,2025,5.412,16,Fernando ALONSO,14,100.87707999999999,30.2,1008.4,0,1.9,27,42.0,26.9
Race,2025,5.412,17,Liam LAWSON,30,100.897,30.2,1008.4,0,1.9,27,42.0,26.9
Race,2025,5.412,18,Lance STROLL,18,101.61410000000002,30.2,1008.4,0,1.9,27,42.0,26.9
Race,2025,5.412,19,Gabriel BORTOLETO,5,101.69099999999999,30.2,1008.4,0,1.9,27,42.0,26.9
Race,2025,5.412,20,Carlos SAINZ,55,102.72761538461539,30.2,1008.4,0,1.9,27,42.0,26.9
Practice 1,2025,6.174,1,Pierre GASLY,10,158.55870833333333,43.4,1006.8,0,1.4,279,65.0,28.0
Practice 1,2025,6.174,2,Lando NORRIS,4,156.9994166666667,43.4,1006.8,0,1.4,279,65.0,28.0
Practice 1,2025,6.174,3,Charles LECLERC,16,140.5705555555556,43.4,1006.8,0,1.4,279,65.0,28.0
Practice 1,2025,6.174,4,Oscar PIASTRI,81,156.84866666666667,43.4,1006.8,0,1.4,279,65.0,28.0
Practice 1,2025,6.174,5,Alexander ALBON,23,171.85286363636362,43.4,1006.8,0,1.4,279,65.0,28.0
Practice 1,2025,6.174,6,George RUSSELL,63,183.17865,43.4,1006.8,0,1.4,279,65.0,28.0
Practice 1,2025,6.174,7,Carlos SAINZ,55,153.14936,43.4,1006.8,0,1.4,279,65.0,28.0
Practice 1,2025,6.174,8,Lewis HAMILTON,44,145.06830769230768,43.4,1006.8,0,1.4,279,65.0,28.0
Practice 1,2025,6.174,9,Max VERSTAPPEN,1,150.62492000000003,43.4,1006.8,0,1.4,279,65.0,28.0
Practice 1,2025,6.174,10,Yuki TSUNODA,22,151.03755999999998,43.4,1006.8,0,1.4,279,65.0,28.0
Practice 1,2025,6.174,11,Liam LAWSON,30,213.84961111111113,43.4,1006.8,0,1.4,279,65.0,28.0
Practice 1,2025,6.174,12,Nico HULKENBERG,27,154.70045833333336,43.4,1006.8,0,1.4,279,65.0,28.0
Practice 1,2025,6.174,13,Kimi ANTONELLI,12,163.8618260869565,43.4,1006.8,0,1.4,279,65.0,28.0
Practice 1,2025,6.174,14,Fernando ALONSO,14,160.0763043478261,43.4,1006.8,0,1.4,279,65.0,28.0
Practice 1,2025,6.174,15,Isack HADJAR,6,262.1667142857143,43.4,1006.8,0,1.4,279,65.0,28.0
Practice 1,2025,6.174,16,Jack DOOHAN,7,151.81379166666667,43.4,1006.8,0,1.4,279,65.0,28.0
Practice 1,2025,6.174,17,Lance STROLL,18,168.65886363636363,43.4,1006.8,0,1.4,279,65.0,28.0
Practice 1,2025,6.174,18,Oliver BEARMAN,87,189.22929999999997,43.4,1006.8,0,1.4,279,65.0,28.0
Practice 1,2025,6.174,19,Esteban OCON,31,193.45405,43.4,1006.8,0,1.4,279,65.0,28.0
Practice 1,2025,6.174,20,Gabriel BORTOLETO,5,169.12131818181817,43.4,1006.8,0,1.4,279,65.0,28.0
Practice 2,2025,6.174,1,Lando NORRIS,4,192.47800000000004,35.7,1007.0,0,0.9,82,39.0,31.4
Practice 2,2025,6.174,2,Oscar PIASTRI,81,182.37565,35.7,1007.0,0,0.9,82,39.0,31.4
Practice 2,2025,6.174,3,Max VERSTAPPEN,1,178.11090476190478,35.7,1007.0,0,0.9,82,39.0,31.4
Practice 2,2025,6.174,4,Charles LECLERC,16,184.6347,35.7,1007.0,0,0.9,82,39.0,31.4
Practice 2,2025,6.174,5,Carlos SAINZ,55,168.72422727272726,35.7,1007.0,0,0.9,82,39.0,31.4
Practice 2,2025,6.174,6,Yuki TSUNODA,22,161.19282352941178,35.7,1007.0,0,0.9,82,39.0,31.4
Practice 2,2025,6.174,7,George RUSSELL,63,199.9242105263158,35.7,1007.0,0,0.9,82,39.0,31.4
Practice 2,2025,6.174,8,Pierre GASLY,10,185.14305000000002,35.7,1007.0,0,0.9,82,39.0,31.4
Practice 2,2025,6.174,9,Nico HULKENBERG,27,193.42836842105262,35.7,1007.0,0,0.9,82,39.0,31.4
Practice 2,2025,6.174,10,Alexander ALBON,23,179.41942857142854,35.7,1007.0,0,0.9,82,39.0,31.4
Practice 2,2025,6.174,11,Kimi ANTONELLI,12,138.15273333333332,35.7,1007.0,0,0.9,82,39.0,31.4
Practice 2,2025,6.174,12,Isack HADJAR,6,181.43339999999998,35.7,1007.0,0,0.9,82,39.0,31.4
Practice 2,2025,6.174,13,Lewis HAMILTON,44,177.0199523809524,35.7,1007.0,0,0.9,82,39.0,31.4
Practice 2,2025,6.174,14,Liam LAWSON,30,188.73565,35.7,1007.0,0,0.9,82,39.0,31.4
Practice 2,2025,6.174,15,Fernando ALONSO,14,228.72000000000003,35.7,1007.0,0,0.9,82,39.0,31.4
Practice 2,2025,6.174,16,Oliver BEARMAN,87,222.85447058823527,35.7,1007.0,0,0.9,82,39.0,31.4
Practice 2,2025,6.174,17,Jack DOOHAN,7,197.43294736842105,35.7,1007.0,0,0.9,82,39.0,31.4
Practice 2,2025,6.174,18,Lance STROLL,18,231.07625000000002,35.7,1007.0,0,0.9,82,39.0,31.4
Practice 2,2025,6.174,19,Esteban OCON,31,190.9015,35.7,1007.0,0,0.9,82,39.0,31.4
Practice 2,2025,6.174,20,Gabriel BORTOLETO,5,0.0,35.7,1007.0,0,0.9,82,39.0,31.4
Practice 3,2025,6.174,1,Lando NORRIS,4,179.69052941176471,44.7,1005.6,0,1.1,281,55.0,29.6
Practice 3,2025,6.174,2,Oscar PIASTRI,81,170.79044444444446,44.7,1005.6,0,1.1,281,55.0,29.6
Practice 3,2025,6.174,3,George RUSSELL,63,170.263625,44.7,1005.6,0,1.1,281,55.0,29.6
Practice 3,2025,6.174,4,Max VERSTAPPEN,1,223.22407692307692,44.7,1005.6,0,1.1,281,55.0,29.6
Practice 3,2025,6.174,5,Charles LECLERC,16,160.44070000000002,44.7,1005.6,0,1.1,281,55.0,29.6
Practice 3,2025,6.174,6,Alexander ALBON,23,185.30180000000001,44.7,1005.6,0,1.1,281,55.0,29.6
Practice 3,2025,6.174,7,Carlos SAINZ,55,189.84099999999995,44.7,1005.6,0,1.1,281,55.0,29.6
Practice 3,2025,6.174,8,Pierre GASLY,10,169.88326666666666,44.7,1005.6,0,1.1,281,55.0,29.6
Practice 3,2025,6.174,9,Yuki TSUNODA,22,199.4983076923077,44.7,1005.6,0,1.1,281,55.0,29.6
Practice 3,2025,6.174,10,Kimi ANTONELLI,12,157.25594117647063,44.7,1005.6,0,1.1,281,55.0,29.6
Practice 3,2025,6.174,11,Isack HADJAR,6,208.58825000000002,44.7,1005.6,0,1.1,281,55.0,29.6
Practice 3,2025,6.174,12,Lewis HAMILTON,44,174.26068421052634,44.7,1005.6,0,1.1,281,55.0,29.6
Practice 3,2025,6.174,13,Liam LAWSON,30,182.1041764705882,44.7,1005.6,0,1.1,281,55.0,29.6
Practice 3,2025,6.174,14,Fernando ALONSO,14,195.0182777777778,44.7,1005.6,0,1.1,281,55.0,29.6
Practice 3,2025,6.174,15,Jack DOOHAN,7,188.93035000000003,44.7,1005.6,0,1.1,281,55.0,29.6
Practice 3,2025,6.174,16,Oliver BEARMAN,87,244.25557142857141,44.7,1005.6,0,1.1,281,55.0,29.6
Practice 3,2025,6.174,17,Nico HULKENBERG,27,186.29313333333332,44.7,1005.6,0,1.1,281,55.0,29.6
Practice 3,2025,6.174,18,Esteban OCON,31,181.51878947368422,44.7,1005.6,0,1.1,281,55.0,29.6
Practice 3,2025,6.174,19,Gabriel BORTOLETO,5,167.75565217391303,44.7,1005.6,0,1.1,281,55.0,29.6
Practice 3,2025,6.174,20,Lance STROLL,18,193.4672222222222,44.7,1005.6,0,1.1,281,55.0,29.6
Qualifying,2025,6.174,1,Max VERSTAPPEN,1,235.6973529411765,36.9,1006.6,0,0.9,68,44.0,31.4
Qualifying,2025,6.174,2,Oscar PIASTRI,81,246.1003125,36.9,1006.6,0,0.9,68,44.0,31.4
Qualifying,2025,6.174,3,George RUSSELL,63,274.32428571428574,36.9,1006.6,0,0.9,68,44.0,31.4
Qualifying,2025,6.174,4,Charles LECLERC,16,237.34905882352936,36.9,1006.6,0,0.9,68,44.0,31.4
Qualifying,2025,6.174,5,Kimi ANTONELLI,12,255.89913333333334,36.9,1006.6,0,0.9,68,44.0,31.4
Qualifying,2025,6.174,6,Carlos SAINZ,55,202.3309,36.9,1006.6,0,0.9,68,44.0,31.4
Qualifying,2025,6.174,7,Lewis HAMILTON,44,229.95035294117648,36.9,1006.6,0,0.9,68,44.0,31.4
Qualifying,2025,6.174,8,Yuki TSUNODA,22,289.82115384615383,36.9,1006.6,0,0.9,68,44.0,31.4
Qualifying,2025,6.174,9,Pierre GASLY,10,209.2654210526316,36.9,1006.6,0,0.9,68,44.0,31.4
Qualifying,2025,6.174,10,Lando NORRIS,4,316.239,36.9,1006.6,0,0.9,68,44.0,31.4
Qualifying,2025,6.174,11,Alexander ALBON,23,161.70161538461537,36.9,1006.6,0,0.9,68,44.0,31.4
Qualifying,2025,6.174,12,Liam LAWSON,30,204.1529,36.9,1006.6,0,0.9,68,44.0,31.4
Qualifying,2025,6.174,13,Fernando ALONSO,14,182.17953846153844,36.9,1006.6,0,0.9,68,44.0,31.4
Qualifying,2025,6.174,14,Isack HADJAR,6,188.0026363636364,36.9,1006.6,0,0.9,68,44.0,31.4
Qualifying,2025,6.174,15,Oliver BEARMAN,87,168.60185714285714,36.9,1006.6,0,0.9,68,44.0,31.4
Qualifying,2025,6.174,16,Lance STROLL,18,127.07524999999998,36.9,1006.6,0,0.9,68,44.0,31.4
Qualifying,2025,6.174,17,Jack DOOHAN,7,123.58825,36.9,1006.6,0,0.9,68,44.0,31.4
Qualifying,2025,6.174,18,Nico HULKENBERG,27,141.49214285714288,36.9,1006.6,0,0.9,68,44.0,31.4
Qualifying,2025,6.174,19,Esteban OCON,31,132.422875,36.9,1006.6,0,0.9,68,44.0,31.4
Qualifying,2025,6.174,20,Gabriel BORTOLETO,5,144.7162857142857,36.9,1006.6,0,0.9,68,44.0,31.4
Race,2025,6.174,1,Oscar PIASTRI,81,97.34682051282051,36.7,1007.3,0,1.5,337,47.0,31.6
Race,2025,6.174,2,Max VERSTAPPEN,1,97.95586842105266,36.7,1007.3,0,1.5,337,47.0,31.6
Race,2025,6.174,3,Charles LECLERC,16,98.05976315789474,36.7,1007.3,0,1.5,337,47.0,31.6
Race,2025,6.174,4,Lando NORRIS,4,97.84241025641026,36.7,1007.3,0,1.5,337,47.0,31.6
Race,2025,6.174,5,George RUSSELL,63,98.23052631578946,36.7,1007.3,0,1.5,337,47.0,31.6
Race,2025,6.174,6,Kimi ANTONELLI,12,98.18065789473687,36.7,1007.3,0,1.5,337,47.0,31.6
Race,2025,6.174,7,Lewis HAMILTON,44,98.64926315789471,36.7,1007.3,0,1.5,337,47.0,31.6
Race,2025,6.174,8,Carlos SAINZ,55,99.11689473684211,36.7,1007.3,0,1.5,337,47.0,31.6
Race,2025,6.174,9,Alexander ALBON,23,99.15889189189188,36.7,1007.3,0,1.5,337,47.0,31.6
Race,2025,6.174,10,Isack HADJAR,6,98.92276315789475,36.7,1007.3,0,1.5,337,47.0,31.6
Race,2025,6.174,11,Liam LAWSON,30,99.07237837837836,36.7,1007.3,0,1.5,337,47.0,31.6
Race,2025,6.174,12,Fernando ALONSO,14,98.98332432432433,36.7,1007.3,0,1.5,337,47.0,31.6
Race,2025,6.174,13,Oliver BEARMAN,87,99.361,36.7,1007.3,0,1.5,337,47.0,31.6
Race,2025,6.174,14,Esteban OCON,31,99.19289189189189,36.7,1007.3,0,1.5,337,47.0,31.6
Race,2025,6.174,15,Gabriel BORTOLETO,5,99.3815945945946,36.7,1007.3,0,1.5,337,47.0,31.6
Race,2025,6.174,16,Nico HULKENBERG,27,99.40489189189188,36.7,1007.3,0,1.5,337,47.0,31.6
Race,2025,6.174,17,Jack DOOHAN,7,99.5846052631579,36.7,1007.3,0,1.5,337,47.0,31.6
Race,2025,6.174,17,Lance STROLL,18,99.73170270270265,36.7,1007.3,0,1.5,337,47.0,31.6
Race,2025,6.174,19,Yuki TSUNODA,22,0.0,36.7,1007.3,0,1.5,337,47.0,31.6
Race,2025,6.174,20,Pierre GASLY,10,0.0,36.7,1007.3,0,1.5,337,47.0,31.6
